wilaya_id,wilaya_code,date,nb_detections,frp_total,frp_max,fire_detected
5,5,2026-01-01,1,2.99,2.99,1
17,17,2026-01-01,2,4.55,2.63,1
33,33,2026-01-01,10,40.81,9.8,1
11,11,2026-01-02,1,0.94,0.94,1
33,33,2026-01-02,10,78.49000000000001,20.61,1
37,37,2026-01-02,1,4.34,4.34,1
43,43,2026-01-02,2,2.33,1.64,1
11,11,2026-01-03,1,5.93,5.93,1
17,17,2026-01-03,1,0.62,0.62,1
21,21,2026-01-03,1,0.91,0.91,1
30,30,2026-01-03,2,23.99,12.29,1
33,33,2026-01-03,1,2.67,2.67,1
41,41,2026-01-03,1,3.57,3.57,1
49,49,2026-01-03,1,3.85,3.85,1
58,58,2026-01-03,1,18.38,18.38,1
10,10,2026-01-04,1,4.31,4.31,1
30,30,2026-01-04,3,2.38,0.89,1
6,6,2026-01-05,1,3.66,3.66,1
15,15,2026-01-05,1,5.32,5.32,1
21,21,2026-01-05,3,5.04,2.29,1
30,30,2026-01-05,1,1.11,1.11,1
47,47,2026-01-05,1,4.09,4.09,1
1,1,2026-01-06,1,4.38,4.38,1
33,33,2026-01-06,1,3.42,3.42,1
58,58,2026-01-06,1,1.11,1.11,1
1,1,2026-01-07,1,3.82,3.82,1
3,3,2026-01-07,9,46.38,7.38,1
7,7,2026-01-07,2,5.16,2.61,1
11,11,2026-01-07,1,5.67,5.67,1
33,33,2026-01-07,1,7.11,7.11,1
37,37,2026-01-07,1,2.19,2.19,1
7,7,2026-01-08,1,0.6,0.6,1
30,30,2026-01-08,1,0.98,0.98,1
33,33,2026-01-08,1,6.6,6.6,1
58,58,2026-01-08,1,9.42,9.42,1
1,1,2026-01-09,1,1.64,1.64,1
3,3,2026-01-09,1,4.57,4.57,1
9,9,2026-01-09,2,1.23,0.71,1
23,23,2026-01-09,1,3.22,3.22,1
30,30,2026-01-09,5,25.71,17.4,1
33,33,2026-01-09,2,7.859999999999999,4.83,1
41,41,2026-01-09,1,1.67,1.67,1
57,57,2026-01-09,11,231.93,41.63,1
3,3,2026-01-10,3,11.88,4.56,1
7,7,2026-01-10,2,22.06,20.27,1
33,33,2026-01-10,3,19.35,7.18,1
39,39,2026-01-10,1,0.68,0.68,1
3,3,2026-01-11,1,7.2,7.2,1
33,33,2026-01-11,5,33.92,13.01,1
1,1,2026-01-12,1,0.72,0.72,1
3,3,2026-01-12,7,29.42,6.35,1
13,13,2026-01-12,1,1.34,1.34,1
15,15,2026-01-12,1,2.85,2.85,1
22,22,2026-01-12,2,7.78,4.53,1
28,28,2026-01-12,1,4.74,4.74,1
30,30,2026-01-12,2,19.19,13.41,1
33,33,2026-01-12,4,18.28,5.67,1
3,3,2026-01-13,1,2.87,2.87,1
15,15,2026-01-13,1,2.37,2.37,1
18,18,2026-01-13,1,1.87,1.87,1
19,19,2026-01-13,2,1.67,0.88,1
30,30,2026-01-13,3,10.9,5.37,1
33,33,2026-01-13,1,11.17,11.17,1
41,41,2026-01-13,2,8.44,4.38,1
5,5,2026-01-14,1,5.03,5.03,1
7,7,2026-01-14,1,4.96,4.96,1
18,18,2026-01-14,1,2.81,2.81,1
30,30,2026-01-14,8,39.010000000000005,10.05,1
33,33,2026-01-14,2,6.08,4.19,1
34,34,2026-01-14,1,2.98,2.98,1
35,35,2026-01-14,1,0.8,0.8,1
5,5,2026-01-15,1,3.84,3.84,1
8,8,2026-01-16,1,3.42,3.42,1
30,30,2026-01-16,1,1.8,1.8,1
54,54,2026-01-16,2,3.13,2.04,1
56,56,2026-01-16,1,1.52,1.52,1
58,58,2026-01-16,1,8.12,8.12,1
1,1,2026-01-17,3,50.94,22.62,1
30,30,2026-01-17,3,13.89,6.55,1
33,33,2026-01-17,1,2.18,2.18,1
57,57,2026-01-17,3,31.61,10.78,1
58,58,2026-01-17,4,93.24,35.49,1
30,30,2026-01-18,3,9.09,4.72,1
33,33,2026-01-18,3,8.15,3.42,1
8,8,2026-01-19,1,2.84,2.84,1
46,46,2026-01-19,1,1.62,1.62,1
1,1,2026-01-20,1,3.72,3.72,1
30,30,2026-01-20,1,3.52,3.52,1
54,54,2026-01-20,1,1.94,1.94,1
7,7,2026-01-21,1,3.0,3.0,1
37,37,2026-01-21,1,3.28,3.28,1
33,33,2026-01-22,3,12.34,5.36,1
58,58,2026-01-22,1,6.89,6.89,1
3,3,2026-01-23,3,15.93,6.94,1
30,30,2026-01-23,1,4.13,4.13,1
33,33,2026-01-23,1,3.04,3.04,1
37,37,2026-01-23,1,3.62,3.62,1
58,58,2026-01-23,2,7.75,4.6,1
30,30,2026-01-24,1,0.4,0.4,1
33,33,2026-01-24,5,40.51,12.69,1
54,54,2026-01-24,2,14.96,9.05,1
33,33,2026-01-25,1,0.48,0.48,1
58,58,2026-01-25,2,11.14,5.73,1
8,8,2026-01-26,1,4.23,4.23,1
11,11,2026-01-26,1,4.16,4.16,1
28,28,2026-01-26,1,4.67,4.67,1
22,22,2026-01-27,2,7.81,5.49,1
30,30,2026-01-27,1,4.19,4.19,1
33,33,2026-01-27,2,2.51,1.32,1
1,1,2026-01-28,5,255.37,128.14,1
11,11,2026-01-28,1,1.16,1.16,1
33,33,2026-01-28,5,28.92,10.59,1
35,35,2026-01-28,1,0.56,0.56,1
30,30,2026-01-29,2,7.369999999999999,4.09,1
33,33,2026-01-29,3,9.61,6.61,1
30,30,2026-01-30,4,17.14,7.1,1
33,33,2026-01-30,6,15.58,3.57,1
39,39,2026-01-30,18,938.61,126.84,1
26,26,2026-01-31,2,1.47,0.85,1
30,30,2026-01-31,5,34.43,22.56,1
31,31,2026-01-31,1,4.04,4.04,1
33,33,2026-01-31,3,12.98,5.01,1
35,35,2026-01-31,3,2.49,0.95,1
58,58,2026-01-31,4,33.54,9.09,1
3,3,2026-02-01,4,27.0,10.68,1
11,11,2026-02-01,1,1.22,1.22,1
17,17,2026-02-01,1,2.65,2.65,1
30,30,2026-02-01,10,102.68,38.74,1
33,33,2026-02-01,9,45.31,15.11,1
54,54,2026-02-01,2,9.33,6.22,1
58,58,2026-02-01,10,88.89,19.11,1
11,11,2026-02-02,2,3.1,1.75,1
30,30,2026-02-02,2,13.28,10.3,1
33,33,2026-02-02,8,21.31,5.32,1
11,11,2026-02-03,2,4.23,3.08,1
30,30,2026-02-03,1,4.4,4.4,1
33,33,2026-02-03,3,15.0,5.47,1
11,11,2026-02-04,1,1.03,1.03,1
30,30,2026-02-04,1,0.74,0.74,1
33,33,2026-02-04,4,16.16,8.42,1
1,1,2026-02-05,1,1.84,1.84,1
13,13,2026-02-05,3,38.92,20.43,1
30,30,2026-02-05,6,18.62,7.05,1
33,33,2026-02-05,4,11.64,3.67,1
11,11,2026-02-06,1,1.77,1.77,1
26,26,2026-02-06,1,5.96,5.96,1
30,30,2026-02-06,4,8.69,2.3,1
33,33,2026-02-06,17,79.49,9.19,1
39,39,2026-02-06,4,9.85,4.18,1
44,44,2026-02-06,1,2.18,2.18,1
58,58,2026-02-06,1,5.5,5.5,1
3,3,2026-02-07,2,19.17,16.45,1
8,8,2026-02-07,2,5.5,3.16,1
11,11,2026-02-07,1,1.56,1.56,1
13,13,2026-02-07,1,2.61,2.61,1
30,30,2026-02-07,2,3.82,1.96,1
32,32,2026-02-07,1,2.01,2.01,1
33,33,2026-02-07,2,9.53,6.06,1
11,11,2026-02-08,1,1.39,1.39,1
30,30,2026-02-08,9,24.16,8.2,1
33,33,2026-02-08,4,23.14,6.68,1
41,41,2026-02-08,1,0.87,0.87,1
57,57,2026-02-08,2,7.21,4.09,1
8,8,2026-02-09,1,3.91,3.91,1
30,30,2026-02-09,1,2.73,2.73,1
32,32,2026-02-09,2,6.91,4.27,1
1,1,2026-02-10,5,66.31,28.51,1
30,30,2026-02-10,2,3.1,2.01,1
33,33,2026-02-10,4,15.48,5.11,1
39,39,2026-02-10,15,72.29,11.7,1
1,1,2026-02-11,11,68.85,14.15,1
5,5,2026-02-11,1,4.6,4.6,1
11,11,2026-02-11,1,1.43,1.43,1
22,22,2026-02-11,1,2.31,2.31,1
30,30,2026-02-11,1,1.14,1.14,1
33,33,2026-02-11,5,21.33,6.26,1
1,1,2026-02-12,2,1.1800000000000002,0.62,1
3,3,2026-02-12,1,2.46,2.46,1
6,6,2026-02-12,2,18.49,10.36,1
15,15,2026-02-12,2,4.69,2.52,1
18,18,2026-02-12,6,62.14,23.08,1
30,30,2026-02-12,22,105.14,7.9,1
33,33,2026-02-12,1,3.98,3.98,1
39,39,2026-02-12,5,44.53,10.37,1
46,46,2026-02-12,1,0.45,0.45,1
58,58,2026-02-12,1,2.75,2.75,1
5,5,2026-02-13,1,2.38,2.38,1
6,6,2026-02-13,1,4.64,4.64,1
7,7,2026-02-13,5,21.39,8.57,1
18,18,2026-02-13,6,24.79,6.1,1
21,21,2026-02-13,1,25.11,25.11,1
22,22,2026-02-13,1,0.5,0.5,1
30,30,2026-02-13,13,62.89,10.17,1
31,31,2026-02-13,2,1.33,0.72,1
33,33,2026-02-13,2,4.24,2.43,1
44,44,2026-02-13,1,0.17,0.17,1
47,47,2026-02-13,4,14.63,5.59,1
8,8,2026-02-15,1,2.93,2.93,1
29,29,2026-02-15,1,5.5,5.5,1
30,30,2026-02-15,2,20.8,15.69,1
33,33,2026-02-15,1,4.63,4.63,1
43,43,2026-02-15,1,1.25,1.25,1
47,47,2026-02-15,1,3.37,3.37,1
53,53,2026-02-15,7,11.09,2.58,1
7,7,2026-02-16,1,4.77,4.77,1
11,11,2026-02-16,1,4.29,4.29,1
12,12,2026-02-16,3,2.79,1.48,1
13,13,2026-02-16,1,2.23,2.23,1
18,18,2026-02-16,1,3.58,3.58,1
30,30,2026-02-16,11,155.05,33.88,1
31,31,2026-02-16,1,0.28,0.28,1
33,33,2026-02-16,5,16.44,4.61,1
47,47,2026-02-16,3,15.88,8.47,1
3,3,2026-02-17,5,31.24,9.64,1
7,7,2026-02-17,2,14.91,10.68,1
8,8,2026-02-17,1,1.14,1.14,1
11,11,2026-02-17,1,1.14,1.14,1
16,16,2026-02-17,1,3.94,3.94,1
17,17,2026-02-17,1,2.24,2.24,1
29,29,2026-02-17,1,4.8,4.8,1
30,30,2026-02-17,2,4.48,3.98,1
31,31,2026-02-17,1,0.37,0.37,1
33,33,2026-02-17,1,1.04,1.04,1
37,37,2026-02-17,1,3.29,3.29,1
42,42,2026-02-17,1,1.95,1.95,1
48,48,2026-02-17,1,3.94,3.94,1
58,58,2026-02-17,7,7.41,1.69,1
7,7,2026-02-18,2,4.08,2.06,1
11,11,2026-02-18,3,2.28,1.05,1
17,17,2026-02-18,1,4.54,4.54,1
30,30,2026-02-18,4,8.58,3.98,1
31,31,2026-02-18,1,0.67,0.67,1
33,33,2026-02-18,2,5.18,2.63,1
57,57,2026-02-18,6,19.65,9.64,1
2,2,2026-02-19,1,0.62,0.62,1
9,9,2026-02-19,1,0.48,0.48,1
16,16,2026-02-19,1,0.35,0.35,1
28,28,2026-02-19,1,11.32,11.32,1
30,30,2026-02-19,16,117.46,19.86,1
31,31,2026-02-19,1,1.9,1.9,1
33,33,2026-02-19,4,13.41,5.7,1
49,49,2026-02-19,2,7.0600000000000005,3.57,1
11,11,2026-02-20,1,2.54,2.54,1
16,16,2026-02-20,1,0.62,0.62,1
26,26,2026-02-20,1,2.9,2.9,1
30,30,2026-02-20,15,123.35,30.81,1
35,35,2026-02-20,1,2.24,2.24,1
39,39,2026-02-20,2,22.41,12.98,1
58,58,2026-02-20,3,20.87,8.97,1
2,2,2026-02-21,2,6.83,3.54,1
7,7,2026-02-21,2,10.5,5.86,1
11,11,2026-02-21,1,2.84,2.84,1
20,20,2026-02-21,2,5.97,4.26,1
30,30,2026-02-21,2,9.27,5.07,1
33,33,2026-02-21,3,10.23,4.91,1
58,58,2026-02-21,3,5.77,1.99,1
7,7,2026-02-22,2,1.37,0.76,1
8,8,2026-02-22,4,3.74,1.38,1
10,10,2026-02-22,1,0.6,0.6,1
17,17,2026-02-22,1,3.49,3.49,1
21,21,2026-02-22,1,2.17,2.17,1
26,26,2026-02-22,1,2.88,2.88,1
30,30,2026-02-22,18,90.51,15.21,1
33,33,2026-02-22,4,37.57,15.51,1
39,39,2026-02-22,2,3.4000000000000004,2.89,1
45,45,2026-02-22,1,0.52,0.52,1
51,51,2026-02-22,1,2.89,2.89,1
6,6,2026-02-23,1,1.14,1.14,1
7,7,2026-02-23,1,0.38,0.38,1
9,9,2026-02-23,2,9.5,6.32,1
10,10,2026-02-23,1,1.78,1.78,1
11,11,2026-02-23,3,5.04,3.35,1
13,13,2026-02-23,1,2.01,2.01,1
15,15,2026-02-23,1,2.0,2.0,1
21,21,2026-02-23,1,2.11,2.11,1
29,29,2026-02-23,1,0.72,0.72,1
30,30,2026-02-23,12,57.42,14.79,1
33,33,2026-02-23,12,46.01,13.8,1
47,47,2026-02-23,2,15.23,10.93,1
2,2,2026-02-24,4,3.82,1.02,1
4,4,2026-02-24,1,2.37,2.37,1
6,6,2026-02-24,1,6.83,6.83,1
12,12,2026-02-24,1,3.97,3.97,1
13,13,2026-02-24,1,5.17,5.17,1
16,16,2026-02-24,1,0.24,0.24,1
24,24,2026-02-24,1,2.53,2.53,1
30,30,2026-02-24,4,25.78,9.82,1
33,33,2026-02-24,2,7.28,6.54,1
37,37,2026-02-24,3,7.0600000000000005,2.98,1
1,1,2026-02-25,9,92.27,18.28,1
5,5,2026-02-25,2,4.83,2.49,1
6,6,2026-02-25,1,4.41,4.41,1
7,7,2026-02-25,2,9.14,7.03,1
11,11,2026-02-25,1,9.56,9.56,1
15,15,2026-02-25,1,2.76,2.76,1
16,16,2026-02-25,7,48.5,17.51,1
18,18,2026-02-25,3,18.59,12.92,1
24,24,2026-02-25,1,0.65,0.65,1
27,27,2026-02-25,2,2.62,2.19,1
30,30,2026-02-25,13,53.5,6.78,1
31,31,2026-02-25,2,1.87,0.97,1
33,33,2026-02-25,11,35.1,10.03,1
35,35,2026-02-25,1,1.79,1.79,1
43,43,2026-02-25,2,2.62,2.11,1
47,47,2026-02-25,2,5.42,2.71,1
57,57,2026-02-25,6,81.32000000000001,36.02,1
1,1,2026-02-26,1,3.31,3.31,1
3,3,2026-02-26,1,11.73,11.73,1
11,11,2026-02-26,2,1.98,1.39,1
13,13,2026-02-26,1,0.65,0.65,1
15,15,2026-02-26,3,8.93,3.98,1
16,16,2026-02-26,1,0.5,0.5,1
18,18,2026-02-26,3,29.28,21.93,1
19,19,2026-02-26,2,1.8,1.02,1
26,26,2026-02-26,1,2.93,2.93,1
27,27,2026-02-26,1,1.87,1.87,1
30,30,2026-02-26,18,68.79,12.99,1
33,33,2026-02-26,10,17.94,6.04,1
35,35,2026-02-26,3,5.16,4.17,1
7,7,2026-02-27,4,3.94,1.8,1
8,8,2026-02-27,1,3.77,3.77,1
18,18,2026-02-27,4,20.33,6.91,1
21,21,2026-02-27,2,7.199999999999999,4.09,1
27,27,2026-02-27,1,0.74,0.74,1
30,30,2026-02-27,6,41.41,13.26,1
33,33,2026-02-27,6,8.54,1.94,1
35,35,2026-02-27,1,0.49,0.49,1
39,39,2026-02-27,1,1.34,1.34,1
30,30,2026-02-28,21,93.12,9.17,1
33,33,2026-02-28,18,49.24,4.95,1
42,42,2026-02-28,1,0.57,0.57,1
54,54,2026-02-28,2,3.06,1.61,1
30,30,2026-03-01,6,23.18,7.88,1
33,33,2026-03-01,11,22.41,5.51,1
18,18,2026-03-02,1,2.27,2.27,1
19,19,2026-03-02,1,3.07,3.07,1
30,30,2026-03-02,11,44.62,9.68,1
33,33,2026-03-02,5,5.21,1.63,1
41,41,2026-03-02,1,2.84,2.84,1
58,58,2026-03-02,4,10.01,4.72,1
1,1,2026-03-03,3,28.62,12.56,1
8,8,2026-03-03,2,3.83,2.13,1
15,15,2026-03-03,1,3.94,3.94,1
18,18,2026-03-03,4,24.11,9.43,1
30,30,2026-03-03,1,7.56,7.56,1
33,33,2026-03-03,1,0.95,0.95,1
46,46,2026-03-03,1,0.28,0.28,1
58,58,2026-03-03,2,63.13,58.0,1
3,3,2026-03-04,1,5.81,5.81,1
7,7,2026-03-04,1,2.48,2.48,1
15,15,2026-03-04,2,5.33,4.45,1
18,18,2026-03-04,2,1.11,0.72,1
30,30,2026-03-04,4,6.83,3.56,1
33,33,2026-03-04,1,2.76,2.76,1
35,35,2026-03-04,1,0.72,0.72,1
1,1,2026-03-05,9,77.51,12.49,1
3,3,2026-03-05,4,23.35,12.15,1
7,7,2026-03-05,3,17.59,7.47,1
18,18,2026-03-05,5,22.82,7.31,1
21,21,2026-03-05,1,13.03,13.03,1
30,30,2026-03-05,4,6.85,2.38,1
33,33,2026-03-05,2,7.479999999999999,5.68,1
18,18,2026-03-06,1,3.09,3.09,1
21,21,2026-03-06,4,20.49,7.56,1
30,30,2026-03-06,11,42.79,7.17,1
33,33,2026-03-06,10,30.41,7.24,1
41,41,2026-03-06,1,4.92,4.92,1
3,3,2026-03-07,3,15.5,6.0,1
5,5,2026-03-07,1,1.78,1.78,1
8,8,2026-03-07,2,6.69,4.24,1
24,24,2026-03-07,1,0.93,0.93,1
30,30,2026-03-07,9,35.190000000000005,9.6,1
3,3,2026-03-08,5,13.4,5.95,1
21,21,2026-03-08,2,8.59,5.33,1
30,30,2026-03-08,12,53.98,6.35,1
33,33,2026-03-08,12,33.59,6.82,1
35,35,2026-03-08,2,7.85,5.18,1
1,1,2026-03-09,1,1.51,1.51,1
2,2,2026-03-09,2,10.29,5.95,1
3,3,2026-03-09,2,2.92,1.89,1
8,8,2026-03-09,1,0.46,0.46,1
21,21,2026-03-09,1,2.19,2.19,1
30,30,2026-03-09,6,32.47,9.31,1
33,33,2026-03-09,2,4.66,4.12,1
46,46,2026-03-09,1,1.54,1.54,1
55,55,2026-03-09,1,1.18,1.18,1
1,1,2026-03-10,3,96.25,55.23,1
3,3,2026-03-10,3,2.12,0.89,1
9,9,2026-03-10,1,0.45,0.45,1
33,33,2026-03-10,5,23.07,6.82,1
1,1,2026-03-11,4,80.72,20.18,1
3,3,2026-03-11,1,7.57,7.57,1
33,33,2026-03-11,4,15.54,6.89,1
30,30,2026-03-12,1,5.72,5.72,1
33,33,2026-03-12,6,13.14,5.55,1
7,7,2026-03-13,1,6.52,6.52,1
8,8,2026-03-13,1,2.15,2.15,1
30,30,2026-03-13,4,12.92,9.17,1
31,31,2026-03-13,1,3.21,3.21,1
33,33,2026-03-13,7,44.89,13.91,1
35,35,2026-03-13,2,2.52,1.32,1
40,40,2026-03-13,2,9.27,4.66,1
1,1,2026-03-14,15,196.01,45.16,1
30,30,2026-03-14,6,25.48,5.91,1
33,33,2026-03-14,17,84.79,14.9,1
7,7,2026-03-15,1,5.15,5.15,1
33,33,2026-03-15,11,103.29,17.57,1
53,53,2026-03-15,1,1.75,1.75,1
1,1,2026-03-16,1,2.28,2.28,1
9,9,2026-03-16,6,96.63,47.56,1
30,30,2026-03-16,5,26.21,10.96,1
33,33,2026-03-16,23,204.31,30.63,1
49,49,2026-03-16,1,0.95,0.95,1
51,51,2026-03-16,2,1.13,0.67,1
1,1,2026-03-17,2,1.77,1.25,1
2,2,2026-03-17,5,36.21,10.09,1
9,9,2026-03-17,15,227.78,48.44,1
14,14,2026-03-17,4,5.56,1.74,1
17,17,2026-03-17,2,2.31,1.87,1
30,30,2026-03-17,7,40.71,12.39,1
33,33,2026-03-17,22,144.77,15.45,1
39,39,2026-03-17,2,2.46,1.4,1
57,57,2026-03-17,1,7.63,7.63,1
6,6,2026-03-18,1,6.41,6.41,1
9,9,2026-03-18,11,36.07,6.61,1
16,16,2026-03-18,1,0.43,0.43,1
27,27,2026-03-18,2,5.84,3.13,1
30,30,2026-03-18,6,16.25,4.1,1
33,33,2026-03-18,13,73.49,12.87,1
35,35,2026-03-18,1,0.69,0.69,1
57,57,2026-03-18,1,2.04,2.04,1
1,1,2026-03-19,7,39.08,8.47,1
3,3,2026-03-19,1,1.33,1.33,1
9,9,2026-03-19,3,7.45,2.62,1
13,13,2026-03-19,1,4.76,4.76,1
17,17,2026-03-19,1,3.94,3.94,1
28,28,2026-03-19,1,2.78,2.78,1
29,29,2026-03-19,1,1.01,1.01,1
30,30,2026-03-19,7,37.04,10.93,1
33,33,2026-03-19,6,15.53,2.91,1
39,39,2026-03-19,1,1.64,1.64,1
7,7,2026-03-20,2,4.5600000000000005,2.81,1
17,17,2026-03-20,1,0.61,0.61,1
30,30,2026-03-20,5,19.13,11.94,1
33,33,2026-03-20,8,18.71,4.45,1
47,47,2026-03-20,1,1.84,1.84,1
3,3,2026-03-21,2,16.84,8.42,1
30,30,2026-03-21,2,9.65,8.19,1
33,33,2026-03-21,1,3.31,3.31,1
57,57,2026-03-21,4,77.37,29.47,1
5,5,2026-03-23,3,39.15,21.95,1
30,30,2026-03-23,2,3.66,1.96,1
32,32,2026-03-23,1,4.69,4.69,1
35,35,2026-03-23,1,2.41,2.41,1
9,9,2026-03-24,1,2.46,2.46,1
26,26,2026-03-24,1,2.07,2.07,1
30,30,2026-03-24,3,6.4,2.6,1
31,31,2026-03-24,1,3.69,3.69,1
33,33,2026-03-24,3,23.44,10.78,1
42,42,2026-03-24,1,11.3,11.3,1
8,8,2026-03-25,4,6.66,2.71,1
14,14,2026-03-25,1,5.42,5.42,1
29,29,2026-03-25,2,5.35,2.79,1
30,30,2026-03-25,16,96.05,16.33,1
33,33,2026-03-25,1,2.36,2.36,1
35,35,2026-03-25,1,0.87,0.87,1
39,39,2026-03-25,1,2.46,2.46,1
43,43,2026-03-25,1,14.79,14.79,1
49,49,2026-03-25,4,15.89,5.23,1
51,51,2026-03-25,1,1.1,1.1,1
30,30,2026-03-26,9,13.89,2.39,1
31,31,2026-03-26,1,1.7,1.7,1
7,7,2026-03-27,1,2.8,2.8,1
9,9,2026-03-27,1,0.77,0.77,1
16,16,2026-03-27,1,1.18,1.18,1
17,17,2026-03-27,2,9.04,6.18,1
40,40,2026-03-27,2,3.03,1.56,1
3,3,2026-03-28,4,15.8,6.2,1
7,7,2026-03-28,1,5.93,5.93,1
9,9,2026-03-28,1,2.36,2.36,1
12,12,2026-03-28,1,2.13,2.13,1
17,17,2026-03-28,1,10.91,10.91,1
22,22,2026-03-28,1,13.17,13.17,1
30,30,2026-03-28,5,18.71,4.85,1
31,31,2026-03-28,1,1.56,1.56,1
33,33,2026-03-28,1,0.85,0.85,1
39,39,2026-03-28,1,2.93,2.93,1
56,56,2026-03-28,3,53.88,48.16,1
57,57,2026-03-28,1,6.9,6.9,1
3,3,2026-03-29,2,30.75,18.39,1
30,30,2026-03-29,6,38.78,13.89,1
33,33,2026-03-29,6,52.39,17.94,1
2,2,2026-03-30,1,2.95,2.95,1
31,31,2026-03-30,1,2.68,2.68,1
33,33,2026-03-30,2,4.83,2.69,1
37,37,2026-03-30,1,5.94,5.94,1
3,3,2026-03-31,1,3.64,3.64,1
14,14,2026-03-31,13,14.89,1.51,1
17,17,2026-03-31,1,1.25,1.25,1
30,30,2026-03-31,3,6.39,4.85,1
34,34,2026-03-31,1,1.43,1.43,1
45,45,2026-03-31,1,1.86,1.86,1
55,55,2026-03-31,1,0.64,0.64,1
11,11,2026-04-01,2,5.789999999999999,3.51,1
16,16,2026-04-01,1,2.33,2.33,1
30,30,2026-04-01,6,14.74,4.61,1
31,31,2026-04-01,1,10.97,10.97,1
2,2,2026-04-02,1,8.27,8.27,1
22,22,2026-04-02,1,4.14,4.14,1
30,30,2026-04-02,4,22.82,10.56,1
33,33,2026-04-02,1,2.33,2.33,1
53,53,2026-04-02,2,2.9,1.97,1
20,20,2026-04-03,1,3.25,3.25,1
27,27,2026-04-03,3,2.92,1.22,1
29,29,2026-04-03,1,1.92,1.92,1
30,30,2026-04-03,15,73.21000000000001,12.73,1
33,33,2026-04-03,1,1.09,1.09,1
38,38,2026-04-03,1,1.68,1.68,1
47,47,2026-04-03,1,3.18,3.18,1
1,1,2026-04-04,3,1.59,0.8,1
9,9,2026-04-04,1,2.34,2.34,1
14,14,2026-04-04,2,6.27,3.37,1
17,17,2026-04-04,3,7.59,2.65,1
22,22,2026-04-04,3,12.27,5.86,1
27,27,2026-04-04,1,4.07,4.07,1
30,30,2026-04-04,1,2.05,2.05,1
31,31,2026-04-04,1,1.94,1.94,1
33,33,2026-04-04,1,5.04,5.04,1
35,35,2026-04-04,1,3.78,3.78,1
49,49,2026-04-04,2,8.91,6.03,1
53,53,2026-04-04,2,1.3,0.65,1
3,3,2026-04-05,2,4.12,2.87,1
6,6,2026-04-05,1,0.66,0.66,1
15,15,2026-04-05,1,1.56,1.56,1
17,17,2026-04-05,1,2.04,2.04,1
22,22,2026-04-05,3,10.88,3.85,1
25,25,2026-04-05,1,1.83,1.83,1
31,31,2026-04-05,2,5.66,3.01,1
33,33,2026-04-05,2,6.1000000000000005,4.48,1
34,34,2026-04-05,1,3.54,3.54,1
40,40,2026-04-05,1,1.03,1.03,1
47,47,2026-04-05,2,5.46,2.94,1
3,3,2026-04-06,3,21.15,9.46,1
7,7,2026-04-06,1,4.2,4.2,1
9,9,2026-04-06,1,3.46,3.46,1
14,14,2026-04-06,3,11.73,6.21,1
30,30,2026-04-06,4,16.93,5.22,1
33,33,2026-04-06,7,36.95,10.07,1
47,47,2026-04-06,3,9.19,3.25,1
48,48,2026-04-06,1,1.22,1.22,1
51,51,2026-04-06,1,0.76,0.76,1
1,1,2026-04-07,14,152.05,37.84,1
3,3,2026-04-07,1,4.99,4.99,1
5,5,2026-04-07,2,5.68,3.29,1
6,6,2026-04-07,1,3.84,3.84,1
10,10,2026-04-07,1,3.05,3.05,1
15,15,2026-04-07,2,15.32,8.27,1
18,18,2026-04-07,2,9.13,5.36,1
19,19,2026-04-07,4,9.61,3.01,1
24,24,2026-04-07,1,1.78,1.78,1
30,30,2026-04-07,13,53.35,7.96,1
31,31,2026-04-07,1,1.92,1.92,1
33,33,2026-04-07,2,6.98,4.08,1
34,34,2026-04-07,1,0.96,0.96,1
35,35,2026-04-07,1,0.62,0.62,1
36,36,2026-04-07,3,7.19,3.25,1
43,43,2026-04-07,3,5.83,2.83,1
9,9,2026-04-08,1,0.89,0.89,1
15,15,2026-04-08,2,12.09,9.3,1
17,17,2026-04-08,1,1.99,1.99,1
18,18,2026-04-08,4,18.85,7.61,1
20,20,2026-04-08,1,2.59,2.59,1
30,30,2026-04-08,13,110.48,16.96,1
33,33,2026-04-08,11,41.72,14.25,1
35,35,2026-04-08,1,3.8,3.8,1
1,1,2026-04-09,1,6.76,6.76,1
3,3,2026-04-09,1,4.62,4.62,1
6,6,2026-04-09,2,4.64,3.23,1
7,7,2026-04-09,1,4.83,4.83,1
8,8,2026-04-09,4,9.75,2.67,1
9,9,2026-04-09,2,3.2,2.13,1
16,16,2026-04-09,2,5.45,3.89,1
17,17,2026-04-09,2,7.43,3.94,1
18,18,2026-04-09,1,3.89,3.89,1
30,30,2026-04-09,25,100.6,10.95,1
31,31,2026-04-09,1,0.75,0.75,1
33,33,2026-04-09,5,3.88,1.38,1
39,39,2026-04-09,2,1.82,1.01,1
44,44,2026-04-09,1,1.36,1.36,1
45,45,2026-04-09,1,0.37,0.37,1
3,3,2026-04-10,2,5.13,3.01,1
6,6,2026-04-10,1,2.31,2.31,1
9,9,2026-04-10,2,0.99,0.58,1
14,14,2026-04-10,1,1.95,1.95,1
15,15,2026-04-10,1,4.27,4.27,1
18,18,2026-04-10,2,4.93,2.48,1
30,30,2026-04-10,13,23.97,5.98,1
33,33,2026-04-10,4,6.45,2.46,1
35,35,2026-04-10,1,0.38,0.38,1
40,40,2026-04-10,1,0.38,0.38,1
47,47,2026-04-10,1,1.32,1.32,1
11,11,2026-04-11,1,0.15,0.15,1
12,12,2026-04-11,1,2.68,2.68,1
18,18,2026-04-11,1,1.58,1.58,1
19,19,2026-04-11,1,1.92,1.92,1
33,33,2026-04-11,11,94.4,20.25,1
35,35,2026-04-11,5,4.15,1.43,1
47,47,2026-04-11,3,1.5100000000000002,0.68,1
1,1,2026-04-12,1,3.67,3.67,1
3,3,2026-04-12,1,3.98,3.98,1
24,24,2026-04-12,1,2.41,2.41,1
33,33,2026-04-12,2,5.48,4.14,1
58,58,2026-04-12,2,9.23,5.89,1
1,1,2026-04-13,1,0.64,0.64,1
30,30,2026-04-13,5,39.74,12.36,1
31,31,2026-04-13,1,3.16,3.16,1
33,33,2026-04-13,7,79.08,22.01,1
53,53,2026-04-13,1,5.49,5.49,1
33,33,2026-04-14,13,138.55,24.45,1
35,35,2026-04-14,1,1.79,1.79,1
14,14,2026-04-15,1,2.81,2.81,1
17,17,2026-04-15,1,6.24,6.24,1
22,22,2026-04-15,3,13.07,4.63,1
30,30,2026-04-15,10,62.21,35.98,1
31,31,2026-04-15,1,4.87,4.87,1
33,33,2026-04-15,2,6.279999999999999,5.68,1
46,46,2026-04-15,1,31.78,31.78,1
3,3,2026-04-16,2,4.5600000000000005,2.85,1
4,4,2026-04-16,1,1.45,1.45,1
7,7,2026-04-16,2,2.78,2.58,1
20,20,2026-04-16,1,1.03,1.03,1
22,22,2026-04-16,1,2.19,2.19,1
28,28,2026-04-16,1,1.28,1.28,1
29,29,2026-04-16,1,1.02,1.02,1
30,30,2026-04-16,10,53.78,12.34,1
1,1,2026-04-17,2,3.03,1.73,1
8,8,2026-04-17,1,8.04,8.04,1
13,13,2026-04-17,1,0.69,0.69,1
30,30,2026-04-17,1,1.36,1.36,1
31,31,2026-04-17,1,4.9,4.9,1
34,34,2026-04-17,1,3.18,3.18,1
35,35,2026-04-17,1,0.52,0.52,1
1,1,2026-04-18,3,18.02,8.28,1
7,7,2026-04-18,6,5.59,2.0,1
10,10,2026-04-18,1,3.6,3.6,1
12,12,2026-04-18,1,2.29,2.29,1
17,17,2026-04-18,4,11.48,3.51,1
20,20,2026-04-18,1,2.84,2.84,1
22,22,2026-04-18,3,11.239999999999998,5.6,1
23,23,2026-04-18,1,2.25,2.25,1
30,30,2026-04-18,3,21.25,10.24,1
31,31,2026-04-18,1,4.14,4.14,1
33,33,2026-04-18,2,17.58,10.69,1
41,41,2026-04-18,1,1.16,1.16,1
53,53,2026-04-18,1,2.77,2.77,1
3,3,2026-04-19,1,4.2,4.2,1
9,9,2026-04-19,1,0.32,0.32,1
11,11,2026-04-19,1,6.78,6.78,1
13,13,2026-04-19,1,0.66,0.66,1
27,27,2026-04-19,1,0.85,0.85,1
30,30,2026-04-19,2,11.25,8.94,1
33,33,2026-04-19,3,1.6,0.65,1
47,47,2026-04-19,2,4.99,2.58,1
54,54,2026-04-19,2,23.93,12.97,1
58,58,2026-04-19,1,4.48,4.48,1
12,12,2026-04-20,1,6.6,6.6,1
19,19,2026-04-20,1,1.83,1.83,1
23,23,2026-04-20,1,1.77,1.77,1
24,24,2026-04-20,1,1.43,1.43,1
25,25,2026-04-20,1,2.56,2.56,1
31,31,2026-04-20,1,1.06,1.06,1
33,33,2026-04-20,5,47.05,11.01,1
35,35,2026-04-20,2,2.97,2.38,1
15,15,2026-04-21,1,4.31,4.31,1
17,17,2026-04-21,2,2.26,1.57,1
20,20,2026-04-21,1,1.96,1.96,1
21,21,2026-04-21,1,0.55,0.55,1
30,30,2026-04-21,5,16.11,11.34,1
33,33,2026-04-21,5,5.57,1.69,1
5,5,2026-04-22,2,5.26,2.63,1
28,28,2026-04-22,1,0.38,0.38,1
30,30,2026-04-22,3,11.13,9.2,1
7,7,2026-04-23,1,4.91,4.91,1
14,14,2026-04-23,3,7.94,5.11,1
21,21,2026-04-23,5,28.56,8.5,1
27,27,2026-04-23,1,1.36,1.36,1
30,30,2026-04-23,15,103.13,13.44,1
33,33,2026-04-23,1,1.16,1.16,1
58,58,2026-04-23,3,4.13,1.71,1
7,7,2026-04-24,4,4.73,2.99,1
8,8,2026-04-24,2,16.7,10.95,1
9,9,2026-04-24,1,0.8,0.8,1
25,25,2026-04-24,2,1.66,0.97,1
30,30,2026-04-24,4,23.81,13.96,1
33,33,2026-04-24,2,6.36,4.24,1
43,43,2026-04-24,1,2.31,2.31,1
8,8,2026-04-25,2,1.72,1.0,1
11,11,2026-04-25,2,1.44,0.93,1
23,23,2026-04-25,3,8.41,3.35,1
33,33,2026-04-25,3,11.27,6.42,1
52,52,2026-04-25,4,5.640000000000001,1.92,1
3,3,2026-04-26,1,5.24,5.24,1
11,11,2026-04-26,1,1.16,1.16,1
39,39,2026-04-26,1,0.91,0.91,1
41,41,2026-04-26,2,3.29,2.03,1
3,3,2026-04-27,2,8.44,4.22,1
22,22,2026-04-27,1,2.82,2.82,1
30,30,2026-04-27,4,36.42,21.25,1
58,58,2026-04-27,1,8.55,8.55,1
15,15,2026-04-28,1,0.95,0.95,1
19,19,2026-04-28,2,4.48,2.5,1
22,22,2026-04-29,1,2.0,2.0,1
30,30,2026-04-29,2,14.46,13.01,1
32,32,2026-04-29,1,4.18,4.18,1
55,55,2026-04-29,1,1.04,1.04,1
58,58,2026-04-29,5,8.65,2.86,1
7,7,2026-04-30,1,11.46,11.46,1
9,9,2026-04-30,1,1.06,1.06,1
11,11,2026-04-30,1,0.48,0.48,1
30,30,2026-04-30,5,33.67,9.31,1
33,33,2026-04-30,1,5.05,5.05,1
40,40,2026-04-30,1,3.98,3.98,1
41,41,2026-04-30,1,2.89,2.89,1
3,3,2026-05-01,1,3.36,3.36,1
10,10,2026-05-01,1,0.47,0.47,1
13,13,2026-05-01,2,10.89,5.7,1
30,30,2026-05-01,4,3.97,1.06,1
33,33,2026-05-01,1,1.39,1.39,1
3,3,2026-05-02,5,34.89,27.0,1
8,8,2026-05-02,1,0.73,0.73,1
15,15,2026-05-02,1,9.27,9.27,1
16,16,2026-05-02,1,1.68,1.68,1
30,30,2026-05-02,24,132.55,17.37,1
31,31,2026-05-02,1,1.33,1.33,1
36,36,2026-05-02,1,3.59,3.59,1
39,39,2026-05-02,1,2.13,2.13,1
43,43,2026-05-02,1,2.77,2.77,1
44,44,2026-05-02,2,1.4,0.76,1
3,3,2026-05-03,7,12.05,2.88,1
30,30,2026-05-03,18,100.11,24.21,1
33,33,2026-05-03,2,6.17,3.14,1
37,37,2026-05-03,6,20.47,6.53,1
39,39,2026-05-03,1,0.49,0.49,1
58,58,2026-05-03,2,7.9,4.11,1
3,3,2026-05-04,1,2.06,2.06,1
30,30,2026-05-04,20,75.75,13.02,1
32,32,2026-05-04,1,2.75,2.75,1
33,33,2026-05-04,5,11.34,4.32,1
56,56,2026-05-04,4,52.8,25.26,1
58,58,2026-05-04,1,7.74,7.74,1
3,3,2026-05-05,2,6.95,4.21,1
7,7,2026-05-05,2,2.5700000000000003,2.02,1
12,12,2026-05-05,1,1.96,1.96,1
30,30,2026-05-05,12,20.89,4.28,1
33,33,2026-05-05,3,30.44,13.09,1
40,40,2026-05-05,1,5.92,5.92,1
11,11,2026-05-06,48,252.07,17.7,1
30,30,2026-05-06,15,14.94,1.84,1
33,33,2026-05-06,4,18.96,6.91,1
40,40,2026-05-06,1,2.54,2.54,1
54,54,2026-05-06,33,196.15,13.4,1
30,30,2026-05-07,2,7.51,6.43,1
32,32,2026-05-07,1,2.67,2.67,1
3,3,2026-05-08,2,7.88,4.21,1
30,30,2026-05-08,5,9.68,4.49,1
31,31,2026-05-08,1,2.14,2.14,1
41,41,2026-05-08,1,8.38,8.38,1
1,1,2026-05-09,1,1.46,1.46,1
3,3,2026-05-09,3,7.77,3.66,1
7,7,2026-05-09,2,8.3,4.21,1
30,30,2026-05-09,5,32.879999999999995,14.41,1
33,33,2026-05-09,2,12.69,7.93,1
35,35,2026-05-09,3,15.29,5.18,1
58,58,2026-05-09,9,8.85,1.99,1
9,9,2026-05-10,1,1.14,1.14,1
30,30,2026-05-10,16,50.88,13.89,1
33,33,2026-05-10,1,1.2,1.2,1
56,56,2026-05-10,5,74.77,50.04,1
7,7,2026-05-11,1,0.63,0.63,1
13,13,2026-05-11,1,2.27,2.27,1
20,20,2026-05-11,1,3.68,3.68,1
30,30,2026-05-11,10,11.24,2.88,1
33,33,2026-05-11,4,10.02,3.52,1
47,47,2026-05-11,1,3.12,3.12,1
52,52,2026-05-11,1,0.26,0.26,1
57,57,2026-05-11,1,0.63,0.63,1
10,10,2026-05-12,3,8.47,3.07,1
30,30,2026-05-12,2,1.38,0.87,1
5,5,2026-05-13,1,1.8,1.8,1
16,16,2026-05-13,1,0.59,0.59,1
22,22,2026-05-13,1,2.85,2.85,1
28,28,2026-05-13,1,2.49,2.49,1
30,30,2026-05-13,1,3.13,3.13,1
35,35,2026-05-13,2,2.4800000000000004,2.24,1
33,33,2026-05-14,2,8.54,5.25,1
31,31,2026-05-15,1,3.15,3.15,1
33,33,2026-05-15,2,23.3,11.72,1
9,9,2026-05-16,1,1.05,1.05,1
16,16,2026-05-16,1,2.18,2.18,1
30,30,2026-05-16,3,2.75,1.21,1
31,31,2026-05-16,1,0.68,0.68,1
33,33,2026-05-16,1,7.11,7.11,1
37,37,2026-05-16,1,2.77,2.77,1
41,41,2026-05-16,2,6.609999999999999,4.42,1
3,3,2026-05-17,6,26.09,6.24,1
6,6,2026-05-17,1,4.08,4.08,1
9,9,2026-05-17,1,3.14,3.14,1
11,11,2026-05-17,30,159.32,16.43,1
13,13,2026-05-17,1,0.57,0.57,1
46,46,2026-05-17,2,6.79,3.69,1
58,58,2026-05-17,1,1.81,1.81,1
2,2,2026-05-18,1,2.82,2.82,1
30,30,2026-05-18,14,82.37,13.12,1
33,33,2026-05-18,2,13.99,7.99,1
2,2,2026-05-19,1,7.03,7.03,1
9,9,2026-05-19,3,4.109999999999999,3.03,1
13,13,2026-05-19,1,0.86,0.86,1
19,19,2026-05-19,2,4.16,2.33,1
30,30,2026-05-19,22,45.89,5.31,1
33,33,2026-05-19,3,19.58,12.57,1
34,34,2026-05-19,1,1.67,1.67,1
35,35,2026-05-19,1,0.36,0.36,1
45,45,2026-05-19,1,2.04,2.04,1
1,1,2026-05-20,2,9.59,6.09,1
6,6,2026-05-20,1,0.69,0.69,1
16,16,2026-05-20,3,5.79,3.23,1
17,17,2026-05-20,1,3.06,3.06,1
23,23,2026-05-20,1,1.44,1.44,1
24,24,2026-05-20,1,1.32,1.32,1
28,28,2026-05-20,3,12.14,5.69,1
30,30,2026-05-20,1,4.66,4.66,1
31,31,2026-05-20,5,97.35,26.63,1
39,39,2026-05-20,1,1.74,1.74,1
43,43,2026-05-20,2,5.93,3.08,1
46,46,2026-05-20,6,117.94,26.63,1
47,47,2026-05-20,3,21.51,8.89,1
7,7,2026-05-21,1,0.37,0.37,1
9,9,2026-05-21,2,2.6,1.95,1
17,17,2026-05-21,1,11.74,11.74,1
18,18,2026-05-21,1,4.81,4.81,1
22,22,2026-05-21,2,3.6,1.97,1
25,25,2026-05-21,1,0.41,0.41,1
30,30,2026-05-21,24,159.68,51.23,1
31,31,2026-05-21,3,5.86,2.86,1
33,33,2026-05-21,10,38.34,9.86,1
40,40,2026-05-21,1,6.66,6.66,1
43,43,2026-05-21,1,1.87,1.87,1
4,4,2026-05-22,1,3.08,3.08,1
6,6,2026-05-22,1,0.29,0.29,1
9,9,2026-05-22,2,1.13,0.64,1
16,16,2026-05-22,2,1.79,1.02,1
19,19,2026-05-22,2,5.57,3.43,1
21,21,2026-05-22,3,6.23,3.87,1
30,30,2026-05-22,15,59.07,13.26,1
33,33,2026-05-22,12,93.12,24.6,1
40,40,2026-05-22,4,21.24,8.64,1
43,43,2026-05-22,1,0.63,0.63,1
57,57,2026-05-22,1,0.9,0.9,1
3,3,2026-05-23,3,19.31,9.0,1
7,7,2026-05-23,1,5.05,5.05,1
9,9,2026-05-23,2,4.3100000000000005,2.2,1
13,13,2026-05-23,2,2.5,1.26,1
19,19,2026-05-23,2,3.06,2.61,1
20,20,2026-05-23,1,3.08,3.08,1
21,21,2026-05-23,2,13.22,8.87,1
28,28,2026-05-23,1,5.21,5.21,1
30,30,2026-05-23,17,64.06,26.69,1
32,32,2026-05-23,2,6.87,4.11,1
33,33,2026-05-23,7,47.81,18.75,1
46,46,2026-05-23,2,10.97,6.59,1
7,7,2026-05-24,1,2.08,2.08,1
9,9,2026-05-24,15,273.29,33.8,1
16,16,2026-05-24,1,1.93,1.93,1
19,19,2026-05-24,1,2.26,2.26,1
30,30,2026-05-24,23,135.62,46.04,1
32,32,2026-05-24,3,12.56,7.54,1
33,33,2026-05-24,4,57.88,25.75,1
34,34,2026-05-24,1,3.04,3.04,1
35,35,2026-05-24,2,0.9,0.45,1
36,36,2026-05-24,3,2.22,1.21,1
41,41,2026-05-24,1,6.73,6.73,1
1,1,2026-05-25,1,1.33,1.33,1
3,3,2026-05-25,7,21.19,5.82,1
9,9,2026-05-25,5,9.32,3.85,1
14,14,2026-05-25,1,4.58,4.58,1
20,20,2026-05-25,1,2.18,2.18,1
30,30,2026-05-25,14,22.16,5.13,1
33,33,2026-05-25,4,12.23,3.91,1
34,34,2026-05-25,2,1.09,0.71,1
42,42,2026-05-25,1,2.62,2.62,1
51,51,2026-05-25,1,3.55,3.55,1
2,2,2026-05-26,1,1.67,1.67,1
3,3,2026-05-26,1,2.78,2.78,1
28,28,2026-05-26,1,0.65,0.65,1
30,30,2026-05-26,9,56.03,17.8,1
33,33,2026-05-26,7,32.230000000000004,7.9,1
43,43,2026-05-26,1,0.82,0.82,1
3,3,2026-05-27,1,4.38,4.38,1
4,4,2026-05-27,2,9.9,7.54,1
5,5,2026-05-27,1,2.34,2.34,1
6,6,2026-05-27,2,0.88,0.6,1
7,7,2026-05-27,9,113.96,65.41,1
10,10,2026-05-27,1,0.72,0.72,1
13,13,2026-05-27,1,1.2,1.2,1
30,30,2026-05-27,7,13.81,5.53,1
31,31,2026-05-27,2,12.54,11.17,1
39,39,2026-05-27,1,10.21,10.21,1
43,43,2026-05-27,3,14.64,5.3,1
53,53,2026-05-27,2,2.6100000000000003,1.61,1
5,5,2026-05-28,1,4.93,4.93,1
7,7,2026-05-28,2,8.469999999999999,4.84,1
8,8,2026-05-28,2,1.76,0.89,1
9,9,2026-05-28,1,3.02,3.02,1
17,17,2026-05-28,3,14.42,7.58,1
30,30,2026-05-28,3,11.169999999999998,10.03,1
58,58,2026-05-28,1,4.82,4.82,1
1,1,2026-05-29,6,34.56,7.76,1
7,7,2026-05-29,2,3.34,1.73,1
19,19,2026-05-29,2,2.42,2.08,1
22,22,2026-05-29,1,4.84,4.84,1
30,30,2026-05-29,7,17.669999999999998,7.06,1
34,34,2026-05-29,1,2.08,2.08,1
42,42,2026-05-29,2,1.0,0.59,1
1,1,2026-05-30,1,1.97,1.97,1
3,3,2026-05-30,1,3.39,3.39,1
7,7,2026-05-30,1,1.87,1.87,1
13,13,2026-05-30,2,14.91,9.23,1
19,19,2026-05-30,3,2.15,1.16,1
30,30,2026-05-30,11,23.45,8.69,1
31,31,2026-05-30,1,0.84,0.84,1
36,36,2026-05-30,1,0.85,0.85,1
40,40,2026-05-30,1,4.82,4.82,1
44,44,2026-05-30,1,0.29,0.29,1
45,45,2026-05-30,1,1.35,1.35,1
46,46,2026-05-30,1,3.88,3.88,1
48,48,2026-05-30,1,9.43,9.43,1
9,9,2026-05-31,1,1.13,1.13,1
17,17,2026-05-31,4,20.48,6.99,1
28,28,2026-05-31,3,10.0,4.01,1
30,30,2026-05-31,9,25.53,16.68,1
31,31,2026-05-31,1,4.68,4.68,1
39,39,2026-05-31,2,22.16,11.32,1
40,40,2026-05-31,1,1.2,1.2,1
43,43,2026-05-31,2,3.97,2.42,1
46,46,2026-05-31,1,1.84,1.84,1
52,52,2026-05-31,9,9.22,2.34,1
3,3,2026-06-01,1,4.43,4.43,1
7,7,2026-06-01,1,0.79,0.79,1
9,9,2026-06-01,1,1.13,1.13,1
13,13,2026-06-01,5,41.77,16.53,1
15,15,2026-06-01,1,2.48,2.48,1
16,16,2026-06-01,1,0.55,0.55,1
17,17,2026-06-01,3,25.47,12.43,1
22,22,2026-06-01,1,1.52,1.52,1
30,30,2026-06-01,6,22.31,13.94,1
33,33,2026-06-01,1,0.84,0.84,1
34,34,2026-06-01,1,1.0,1.0,1
39,39,2026-06-01,2,10.52,6.06,1
43,43,2026-06-01,1,4.8,4.8,1
5,5,2026-06-02,1,3.79,3.79,1
7,7,2026-06-02,1,2.94,2.94,1
13,13,2026-06-02,3,39.81,22.04,1
24,24,2026-06-02,1,0.89,0.89,1
30,30,2026-06-02,4,2.74,0.86,1
31,31,2026-06-02,1,1.7,1.7,1
35,35,2026-06-02,1,3.25,3.25,1
39,39,2026-06-02,3,10.19,5.59,1
46,46,2026-06-02,9,257.17,77.49,1
48,48,2026-06-02,1,7.39,7.39,1
50,50,2026-06-02,9,4.67,0.68,1
1,1,2026-06-03,1,6.38,6.38,1
2,2,2026-06-03,1,2.75,2.75,1
4,4,2026-06-03,3,3.15,1.73,1
5,5,2026-06-03,1,2.54,2.54,1
7,7,2026-06-03,1,3.69,3.69,1
9,9,2026-06-03,1,0.67,0.67,1
17,17,2026-06-03,5,60.77,32.67,1
19,19,2026-06-03,1,3.14,3.14,1
28,28,2026-06-03,2,2.48,1.5,1
29,29,2026-06-03,2,2.61,1.47,1
30,30,2026-06-03,7,38.8,18.75,1
31,31,2026-06-03,1,3.49,3.49,1
33,33,2026-06-03,3,4.96,2.06,1
34,34,2026-06-03,1,5.57,5.57,1
46,46,2026-06-03,1,2.74,2.74,1
47,47,2026-06-03,1,1.86,1.86,1
51,51,2026-06-03,1,10.7,10.7,1
58,58,2026-06-03,2,19.39,10.85,1
7,7,2026-06-04,1,3.28,3.28,1
8,8,2026-06-04,1,34.84,34.84,1
9,9,2026-06-04,1,2.09,2.09,1
13,13,2026-06-04,1,2.97,2.97,1
23,23,2026-06-04,1,0.58,0.58,1
26,26,2026-06-04,1,7.25,7.25,1
30,30,2026-06-04,2,14.78,7.39,1
31,31,2026-06-04,1,1.16,1.16,1
33,33,2026-06-04,4,4.57,1.5,1
40,40,2026-06-04,1,2.54,2.54,1
58,58,2026-06-04,1,30.47,30.47,1
16,16,2026-06-05,1,0.59,0.59,1
17,17,2026-06-05,5,20.33,8.77,1
19,19,2026-06-05,2,1.34,0.7,1
27,27,2026-06-05,1,1.31,1.31,1
29,29,2026-06-05,2,12.14,6.07,1
31,31,2026-06-05,1,3.26,3.26,1
39,39,2026-06-05,1,2.79,2.79,1
40,40,2026-06-05,4,10.67,4.55,1
12,12,2026-06-06,2,35.53,23.27,1
23,23,2026-06-06,1,6.36,6.36,1
24,24,2026-06-06,1,5.07,5.07,1
25,25,2026-06-06,1,0.54,0.54,1
30,30,2026-06-06,1,10.61,10.61,1
40,40,2026-06-06,3,15.62,6.7,1
43,43,2026-06-06,4,22.19,8.8,1
46,46,2026-06-06,1,2.88,2.88,1
2,2,2026-06-07,4,74.06,19.28,1
6,6,2026-06-07,1,4.31,4.31,1
8,8,2026-06-07,1,0.8,0.8,1
33,33,2026-06-07,2,14.54,12.64,1
45,45,2026-06-07,1,17.16,17.16,1
3,3,2026-06-08,2,21.42,10.71,1
9,9,2026-06-08,4,9.27,2.74,1
20,20,2026-06-08,1,2.74,2.74,1
30,30,2026-06-08,2,38.32,24.83,1
31,31,2026-06-08,1,1.11,1.11,1
48,48,2026-06-08,1,7.2,7.2,1
3,3,2026-06-09,1,5.92,5.92,1
8,8,2026-06-09,1,0.46,0.46,1
13,13,2026-06-09,1,3.22,3.22,1
15,15,2026-06-09,1,2.78,2.78,1
21,21,2026-06-09,2,4.01,2.06,1
22,22,2026-06-09,2,13.489999999999998,7.35,1
30,30,2026-06-09,10,45.900000000000006,10.73,1
37,37,2026-06-09,1,3.1,3.1,1
43,43,2026-06-09,1,5.67,5.67,1
1,1,2026-06-10,11,191.13,30.79,1
3,3,2026-06-10,1,1.92,1.92,1
4,4,2026-06-10,2,19.02,9.51,1
17,17,2026-06-10,2,39.32,19.66,1
19,19,2026-06-10,1,0.57,0.57,1
25,25,2026-06-10,1,5.45,5.45,1
30,30,2026-06-10,12,28.74,5.78,1
31,31,2026-06-10,1,2.11,2.11,1
33,33,2026-06-10,2,3.93,2.37,1
41,41,2026-06-10,2,14.73,11.66,1
43,43,2026-06-10,1,7.08,7.08,1
51,51,2026-06-10,1,2.38,2.38,1
2,2,2026-06-11,1,2.49,2.49,1
4,4,2026-06-11,1,6.38,6.38,1
23,23,2026-06-11,4,30.81,11.7,1
30,30,2026-06-11,2,36.4,23.56,1
31,31,2026-06-11,1,2.93,2.93,1
40,40,2026-06-11,2,7.45,4.21,1
48,48,2026-06-11,1,14.55,14.55,1
51,51,2026-06-11,2,12.0,6.36,1
7,7,2026-06-12,3,14.74,7.26,1
9,9,2026-06-12,2,1.05,0.62,1
27,27,2026-06-12,2,1.89,1.06,1
30,30,2026-06-12,13,102.82,25.61,1
33,33,2026-06-12,2,4.86,3.56,1
35,35,2026-06-12,3,2.96,1.52,1
40,40,2026-06-12,2,4.53,2.6,1
41,41,2026-06-12,1,0.58,0.58,1
44,44,2026-06-12,5,78.19,16.94,1
57,57,2026-06-12,2,6.92,6.06,1
1,1,2026-06-13,4,150.44,40.01,1
2,2,2026-06-13,4,5.43,1.71,1
3,3,2026-06-13,1,6.77,6.77,1
6,6,2026-06-13,1,3.65,3.65,1
10,10,2026-06-13,2,26.02,13.01,1
12,12,2026-06-13,2,4.64,3.51,1
15,15,2026-06-13,2,5.25,3.35,1
17,17,2026-06-13,3,19.09,8.4,1
19,19,2026-06-13,3,2.62,1.16,1
21,21,2026-06-13,1,0.3,0.3,1
22,22,2026-06-13,3,26.99,10.12,1
40,40,2026-06-13,1,6.61,6.61,1
47,47,2026-06-13,2,15.22,13.26,1
52,52,2026-06-13,9,45.04,18.2,1
58,58,2026-06-13,1,2.46,2.46,1
7,7,2026-06-14,2,1.69,0.87,1
25,25,2026-06-14,1,2.08,2.08,1
30,30,2026-06-14,7,31.66,9.89,1
33,33,2026-06-14,2,10.66,6.72,1
35,35,2026-06-14,2,2.16,1.41,1
42,42,2026-06-14,2,3.13,2.3,1
47,47,2026-06-14,1,29.83,29.83,1
3,3,2026-06-15,2,6.880000000000001,4.65,1
6,6,2026-06-15,14,310.96,46.97,1
8,8,2026-06-15,1,0.21,0.21,1
21,21,2026-06-15,5,17.54,5.84,1
22,22,2026-06-15,4,22.05,9.45,1
25,25,2026-06-15,1,1.71,1.71,1
30,30,2026-06-15,9,13.34,3.26,1
37,37,2026-06-15,1,0.87,0.87,1
40,40,2026-06-15,4,48.53,20.75,1
3,3,2026-06-16,3,11.71,4.08,1
5,5,2026-06-16,1,3.7,3.7,1
7,7,2026-06-16,2,12.57,6.53,1
10,10,2026-06-16,1,3.7,3.7,1
12,12,2026-06-16,2,2.41,1.46,1
16,16,2026-06-16,1,0.44,0.44,1
17,17,2026-06-16,2,8.8,5.19,1
22,22,2026-06-16,8,11.97,2.87,1
30,30,2026-06-16,3,17.270000000000003,9.97,1
33,33,2026-06-16,2,2.7,1.35,1
35,35,2026-06-16,1,1.9,1.9,1
47,47,2026-06-16,1,0.88,0.88,1
1,1,2026-06-17,1,1.25,1.25,1
7,7,2026-06-17,1,1.01,1.01,1
14,14,2026-06-17,3,16.0,5.89,1
24,24,2026-06-17,1,3.13,3.13,1
25,25,2026-06-17,2,9.78,7.34,1
27,27,2026-06-17,1,3.89,3.89,1
30,30,2026-06-17,6,7.24,1.53,1
34,34,2026-06-17,3,15.66,7.53,1
39,39,2026-06-17,1,9.68,9.68,1
40,40,2026-06-17,1,2.27,2.27,1
50,50,2026-06-17,1,1.73,1.73,1
3,3,2026-06-18,7,15.920000000000002,4.98,1
4,4,2026-06-18,2,6.11,5.66,1
6,6,2026-06-18,1,4.1,4.1,1
8,8,2026-06-18,2,2.46,1.63,1
13,13,2026-06-18,1,4.5,4.5,1
14,14,2026-06-18,1,3.07,3.07,1
16,16,2026-06-18,2,9.95,5.3,1
22,22,2026-06-18,1,0.58,0.58,1
28,28,2026-06-18,2,6.739999999999999,4.77,1
30,30,2026-06-18,1,6.85,6.85,1
33,33,2026-06-18,3,8.41,4.86,1
39,39,2026-06-18,2,11.62,6.66,1
43,43,2026-06-18,3,29.97,13.48,1
52,52,2026-06-18,37,146.92,15.06,1
4,4,2026-06-19,1,0.82,0.82,1
12,12,2026-06-19,11,99.89,13.28,1
25,25,2026-06-19,1,5.03,5.03,1
33,33,2026-06-19,3,2.94,1.16,1
40,40,2026-06-19,1,0.35,0.35,1
47,47,2026-06-19,2,3.37,1.82,1
58,58,2026-06-19,3,36.86,14.62,1
1,1,2026-06-20,4,39.19,17.13,1
2,2,2026-06-20,6,48.82,12.14,1
4,4,2026-06-20,1,9.95,9.95,1
7,7,2026-06-20,2,11.36,6.01,1
10,10,2026-06-20,3,13.82,5.5,1
13,13,2026-06-20,3,22.22,9.69,1
14,14,2026-06-20,3,27.81,17.31,1
19,19,2026-06-20,1,1.95,1.95,1
20,20,2026-06-20,1,2.75,2.75,1
22,22,2026-06-20,19,261.75,31.22,1
28,28,2026-06-20,2,7.23,5.83,1
29,29,2026-06-20,1,22.4,22.4,1
30,30,2026-06-20,3,11.39,6.03,1
33,33,2026-06-20,4,3.62,1.3,1
39,39,2026-06-20,2,1.74,1.29,1
41,41,2026-06-20,1,20.49,20.49,1
51,51,2026-06-20,2,20.53,11.11,1
3,3,2026-06-21,3,24.629999999999995,18.29,1
4,4,2026-06-21,7,141.8,31.2,1
10,10,2026-06-21,4,37.28,15.69,1
12,12,2026-06-21,2,2.51,1.55,1
13,13,2026-06-21,3,9.63,5.4,1
15,15,2026-06-21,6,52.93,16.03,1
16,16,2026-06-21,2,11.08,6.25,1
17,17,2026-06-21,1,3.82,3.82,1
19,19,2026-06-21,2,3.81,1.99,1
22,22,2026-06-21,4,72.3,23.5,1
25,25,2026-06-21,6,180.72,39.03,1
26,26,2026-06-21,1,3.71,3.71,1
30,30,2026-06-21,5,16.31,5.43,1
33,33,2026-06-21,3,2.62,1.08,1
36,36,2026-06-21,9,93.16,17.59,1
42,42,2026-06-21,1,31.77,31.77,1
43,43,2026-06-21,5,33.59,9.05,1
47,47,2026-06-21,1,0.11,0.11,1
49,49,2026-06-21,2,2.36,1.54,1
53,53,2026-06-21,2,1.4,0.83,1
58,58,2026-06-21,13,50.79,6.45,1
1,1,2026-06-22,3,129.77,60.43,1
2,2,2026-06-22,7,38.1,8.73,1
9,9,2026-06-22,2,44.2,42.32,1
13,13,2026-06-22,2,11.74,6.38,1
15,15,2026-06-22,1,1.4,1.4,1
16,16,2026-06-22,3,13.03,6.81,1
19,19,2026-06-22,3,17.71,10.24,1
21,21,2026-06-22,2,11.21,8.5,1
23,23,2026-06-22,3,24.660000000000004,17.6,1
24,24,2026-06-22,5,62.18000000000001,22.4,1
26,26,2026-06-22,1,3.73,3.73,1
30,30,2026-06-22,2,6.46,5.33,1
33,33,2026-06-22,11,28.69,5.91,1
36,36,2026-06-22,1,3.44,3.44,1
42,42,2026-06-22,1,2.85,2.85,1
43,43,2026-06-22,2,4.09,2.21,1
44,44,2026-06-22,4,25.84,6.46,1
46,46,2026-06-22,1,3.43,3.43,1
47,47,2026-06-22,1,16.84,16.84,1
48,48,2026-06-22,1,10.52,10.52,1
58,58,2026-06-22,4,12.45,7.2,1
1,1,2026-06-23,1,20.53,20.53,1
2,2,2026-06-23,4,81.03999999999999,33.91,1
3,3,2026-06-23,1,0.97,0.97,1
4,4,2026-06-23,5,69.51,17.21,1
9,9,2026-06-23,3,11.38,8.18,1
10,10,2026-06-23,4,11.82,4.22,1
12,12,2026-06-23,5,3.49,0.99,1
13,13,2026-06-23,6,41.440000000000005,15.63,1
15,15,2026-06-23,1,1.07,1.07,1
19,19,2026-06-23,1,3.54,3.54,1
22,22,2026-06-23,3,13.990000000000002,11.63,1
25,25,2026-06-23,1,3.05,3.05,1
30,30,2026-06-23,3,11.41,4.28,1
33,33,2026-06-23,14,33.98,5.5,1
35,35,2026-06-23,1,2.96,2.96,1
39,39,2026-06-23,2,1.31,0.78,1
42,42,2026-06-23,19,168.46,20.53,1
46,46,2026-06-23,1,9.99,9.99,1
58,58,2026-06-23,3,3.97,2.05,1
1,1,2026-06-24,4,21.44,7.21,1
5,5,2026-06-24,1,13.25,13.25,1
7,7,2026-06-24,4,38.31,11.41,1
9,9,2026-06-24,5,5.98,2.02,1
16,16,2026-06-24,2,1.41,0.85,1
21,21,2026-06-24,4,34.55,11.93,1
23,23,2026-06-24,2,1.07,0.67,1
25,25,2026-06-24,1,6.36,6.36,1
28,28,2026-06-24,1,4.48,4.48,1
30,30,2026-06-24,2,17.189999999999998,9.02,1
31,31,2026-06-24,1,8.43,8.43,1
33,33,2026-06-24,9,20.94,4.68,1
35,35,2026-06-24,1,6.0,6.0,1
36,36,2026-06-24,2,10.62,5.35,1
58,58,2026-06-24,6,105.44,48.22,1
5,5,2026-06-25,2,4.3,2.38,1
10,10,2026-06-25,1,4.87,4.87,1
14,14,2026-06-25,1,7.72,7.72,1
15,15,2026-06-25,1,25.89,25.89,1
30,30,2026-06-25,5,14.39,4.85,1
33,33,2026-06-25,4,15.48,6.96,1
34,34,2026-06-25,1,8.63,8.63,1
35,35,2026-06-25,1,1.77,1.77,1
36,36,2026-06-25,3,26.71,11.51,1
40,40,2026-06-25,3,25.55,10.95,1
44,44,2026-06-25,1,15.39,15.39,1
58,58,2026-06-25,10,16.07,2.04,1
3,3,2026-06-26,1,15.2,15.2,1
5,5,2026-06-26,2,2.76,1.48,1
13,13,2026-06-26,2,0.8400000000000001,0.46,1
14,14,2026-06-26,1,3.21,3.21,1
15,15,2026-06-26,2,5.8,4.67,1
16,16,2026-06-26,1,1.4,1.4,1
21,21,2026-06-26,1,5.47,5.47,1
24,24,2026-06-26,4,15.49,5.85,1
30,30,2026-06-26,5,34.77,13.94,1
33,33,2026-06-26,8,33.35,8.76,1
40,40,2026-06-26,2,4.13,2.5,1
43,43,2026-06-26,2,14.24,9.39,1
48,48,2026-06-26,2,1.36,1.0,1
3,3,2026-06-27,5,28.33,12.47,1
4,4,2026-06-27,1,3.82,3.82,1
5,5,2026-06-27,4,29.8,8.65,1
7,7,2026-06-27,10,62.66,9.82,1
8,8,2026-06-27,1,8.41,8.41,1
13,13,2026-06-27,1,2.17,2.17,1
14,14,2026-06-27,3,7.619999999999999,4.52,1
16,16,2026-06-27,1,0.5,0.5,1
19,19,2026-06-27,1,1.56,1.56,1
21,21,2026-06-27,2,4.76,3.47,1
24,24,2026-06-27,7,100.27,26.52,1
25,25,2026-06-27,1,3.17,3.17,1
27,27,2026-06-27,2,15.66,7.83,1
29,29,2026-06-27,2,4.32,2.57,1
30,30,2026-06-27,10,57.07,8.09,1
33,33,2026-06-27,7,12.13,3.52,1
40,40,2026-06-27,1,4.91,4.91,1
48,48,2026-06-27,7,28.05,7.73,1
58,58,2026-06-27,6,32.59,10.11,1
3,3,2026-06-28,3,22.03,9.1,1
4,4,2026-06-28,2,17.74,11.87,1
7,7,2026-06-28,3,6.79,3.59,1
12,12,2026-06-28,8,95.04,19.87,1
19,19,2026-06-28,2,42.42,21.21,1
21,21,2026-06-28,3,18.03,9.91,1
24,24,2026-06-28,2,11.41,7.62,1
25,25,2026-06-28,1,2.54,2.54,1
26,26,2026-06-28,1,0.97,0.97,1
29,29,2026-06-28,1,6.09,6.09,1
30,30,2026-06-28,17,235.24,64.3,1
33,33,2026-06-28,20,160.56,21.73,1
43,43,2026-06-28,2,10.01,6.23,1
44,44,2026-06-28,2,6.800000000000001,4.95,1
1,1,2026-06-29,1,11.0,11.0,1
3,3,2026-06-29,1,0.6,0.6,1
4,4,2026-06-29,1,0.3,0.3,1
7,7,2026-06-29,1,0.89,0.89,1
12,12,2026-06-29,1,1.16,1.16,1
15,15,2026-06-29,1,0.59,0.59,1
17,17,2026-06-29,1,5.26,5.26,1
23,23,2026-06-29,2,8.13,4.45,1
26,26,2026-06-29,4,3.04,1.07,1
30,30,2026-06-29,4,8.05,4.59,1
33,33,2026-06-29,14,63.21,8.76,1
41,41,2026-06-29,2,4.29,2.27,1
48,48,2026-06-29,3,4.38,2.16,1
1,1,2026-06-30,3,12.25,4.37,1
4,4,2026-06-30,1,8.24,8.24,1
9,9,2026-06-30,1,0.33,0.33,1
15,15,2026-06-30,2,2.85,1.5,1
19,19,2026-06-30,1,11.82,11.82,1
23,23,2026-06-30,2,3.38,1.69,1
24,24,2026-06-30,1,2.04,2.04,1
25,25,2026-06-30,1,0.93,0.93,1
26,26,2026-06-30,1,2.87,2.87,1
30,30,2026-06-30,4,23.9,21.19,1
33,33,2026-06-30,8,42.06,10.8,1
55,55,2026-06-30,1,7.55,7.55,1
58,58,2026-06-30,16,42.51,23.27,1
1,1,2026-07-01,10,60.52,13.22,1
2,2,2026-07-01,2,12.55,6.73,1
3,3,2026-07-01,1,6.37,6.37,1
6,6,2026-07-01,3,17.47,8.24,1
9,9,2026-07-01,3,17.43,11.61,1
10,10,2026-07-01,1,2.39,2.39,1
14,14,2026-07-01,1,18.87,18.87,1
21,21,2026-07-01,3,39.98,18.02,1
22,22,2026-07-01,2,18.46,11.56,1
30,30,2026-07-01,15,55.02,11.55,1
33,33,2026-07-01,19,99.9,16.68,1
39,39,2026-07-01,1,0.63,0.63,1
43,43,2026-07-01,2,22.78,12.7,1
58,58,2026-07-01,4,162.92999999999998,62.69,1
4,4,2026-07-02,1,26.41,26.41,1
6,6,2026-07-02,4,2.59,1.03,1
9,9,2026-07-02,5,8.26,3.07,1
11,11,2026-07-02,1,2.52,2.52,1
13,13,2026-07-02,2,12.26,6.27,1
16,16,2026-07-02,5,23.46,6.31,1
19,19,2026-07-02,1,3.14,3.14,1
21,21,2026-07-02,2,2.15,1.22,1
22,22,2026-07-02,1,10.33,10.33,1
23,23,2026-07-02,1,7.57,7.57,1
24,24,2026-07-02,1,26.96,26.96,1
25,25,2026-07-02,1,0.28,0.28,1
26,26,2026-07-02,1,6.52,6.52,1
30,30,2026-07-02,16,60.03,12.9,1
31,31,2026-07-02,2,8.54,4.49,1
33,33,2026-07-02,2,7.01,4.28,1
34,34,2026-07-02,2,9.0,5.04,1
35,35,2026-07-02,5,17.560000000000002,4.65,1
56,56,2026-07-02,1,1.92,1.92,1
58,58,2026-07-02,12,70.60000000000001,34.81,1
1,1,2026-07-03,6,28.59,9.71,1
3,3,2026-07-03,1,1.91,1.91,1
5,5,2026-07-03,8,80.11,19.77,1
6,6,2026-07-03,1,0.72,0.72,1
9,9,2026-07-03,1,4.35,4.35,1
15,15,2026-07-03,1,3.6,3.6,1
16,16,2026-07-03,2,22.24,11.12,1
17,17,2026-07-03,5,15.81,4.42,1
21,21,2026-07-03,13,141.48,22.25,1
23,23,2026-07-03,1,2.57,2.57,1
25,25,2026-07-03,5,23.98,6.52,1
27,27,2026-07-03,4,16.72,7.68,1
30,30,2026-07-03,8,13.36,4.28,1
31,31,2026-07-03,3,8.72,3.36,1
33,33,2026-07-03,4,15.2,11.44,1
36,36,2026-07-03,2,1.1,0.71,1
40,40,2026-07-03,1,4.35,4.35,1
41,41,2026-07-03,1,5.62,5.62,1
42,42,2026-07-03,1,3.6,3.6,1
43,43,2026-07-03,2,3.88,1.94,1
44,44,2026-07-03,2,24.31,14.32,1
46,46,2026-07-03,4,45.26,21.8,1
48,48,2026-07-03,3,4.8,1.74,1
58,58,2026-07-03,1,5.64,5.64,1
1,1,2026-07-04,6,8.39,2.97,1
3,3,2026-07-04,1,3.06,3.06,1
4,4,2026-07-04,3,2.98,1.27,1
7,7,2026-07-04,1,8.42,8.42,1
9,9,2026-07-04,1,1.38,1.38,1
12,12,2026-07-04,1,2.05,2.05,1
14,14,2026-07-04,3,18.16,7.28,1
16,16,2026-07-04,1,2.58,2.58,1
17,17,2026-07-04,5,26.64,9.97,1
21,21,2026-07-04,3,3.64,2.38,1
26,26,2026-07-04,1,8.38,8.38,1
30,30,2026-07-04,12,38.0,6.5,1
33,33,2026-07-04,9,34.17,6.68,1
36,36,2026-07-04,1,2.86,2.86,1
40,40,2026-07-04,5,31.1,8.76,1
42,42,2026-07-04,1,2.3,2.3,1
43,43,2026-07-04,1,2.62,2.62,1
46,46,2026-07-04,5,179.66,81.59,1
48,48,2026-07-04,4,14.44,6.2,1
58,58,2026-07-04,10,267.29,58.97,1
1,1,2026-07-05,2,4.1,2.85,1
4,4,2026-07-05,1,4.46,4.46,1
5,5,2026-07-05,2,4.99,4.49,1
7,7,2026-07-05,1,7.13,7.13,1
10,10,2026-07-05,1,17.43,17.43,1
12,12,2026-07-05,1,1.66,1.66,1
13,13,2026-07-05,1,0.71,0.71,1
16,16,2026-07-05,1,7.59,7.59,1
30,30,2026-07-05,3,5.300000000000001,3.66,1
33,33,2026-07-05,3,5.46,2.96,1
36,36,2026-07-05,1,11.92,11.92,1
40,40,2026-07-05,1,0.43,0.43,1
43,43,2026-07-05,1,3.99,3.99,1
47,47,2026-07-05,1,2.26,2.26,1
48,48,2026-07-05,1,11.51,11.51,1
51,51,2026-07-05,1,9.42,9.42,1
3,3,2026-07-06,1,10.02,10.02,1
6,6,2026-07-06,1,6.59,6.59,1
9,9,2026-07-06,1,1.63,1.63,1
12,12,2026-07-06,1,2.13,2.13,1
13,13,2026-07-06,1,2.53,2.53,1
16,16,2026-07-06,1,2.69,2.69,1
21,21,2026-07-06,1,5.79,5.79,1
22,22,2026-07-06,24,1550.83,206.76,1
23,23,2026-07-06,2,17.29,9.28,1
24,24,2026-07-06,2,14.72,8.24,1
26,26,2026-07-06,2,21.14,10.57,1
27,27,2026-07-06,1,0.82,0.82,1
28,28,2026-07-06,3,4.23,1.69,1
30,30,2026-07-06,16,40.27,10.44,1
33,33,2026-07-06,8,9.77,1.83,1
34,34,2026-07-06,1,30.61,30.61,1
35,35,2026-07-06,1,0.64,0.64,1
40,40,2026-07-06,4,18.020000000000003,8.55,1
41,41,2026-07-06,2,1.4700000000000002,0.8,1
44,44,2026-07-06,2,10.54,6.06,1
58,58,2026-07-06,4,51.5,35.79,1
1,1,2026-07-07,8,201.75,42.07,1
4,4,2026-07-07,5,9.67,3.25,1
5,5,2026-07-07,1,8.43,8.43,1
9,9,2026-07-07,1,1.28,1.28,1
12,12,2026-07-07,1,1.66,1.66,1
16,16,2026-07-07,1,1.76,1.76,1
19,19,2026-07-07,9,183.49,50.09,1
21,21,2026-07-07,5,60.400000000000006,24.56,1
23,23,2026-07-07,1,12.22,12.22,1
24,24,2026-07-07,3,25.7,11.01,1
25,25,2026-07-07,2,13.96,7.92,1
26,26,2026-07-07,5,6.43,2.04,1
30,30,2026-07-07,21,99.21,27.23,1
33,33,2026-07-07,12,45.82,26.35,1
34,34,2026-07-07,3,24.41,15.17,1
35,35,2026-07-07,2,8.8,4.93,1
36,36,2026-07-07,2,7.37,4.08,1
46,46,2026-07-07,11,510.05,145.33,1
48,48,2026-07-07,1,0.83,0.83,1
49,49,2026-07-07,3,10.55,3.53,1
58,58,2026-07-07,10,110.69,40.11,1
2,2,2026-07-08,6,17.47,5.18,1
3,3,2026-07-08,1,4.19,4.19,1
4,4,2026-07-08,6,85.46000000000001,25.33,1
5,5,2026-07-08,5,29.81,8.23,1
6,6,2026-07-08,2,11.2,10.71,1
7,7,2026-07-08,1,1.92,1.92,1
9,9,2026-07-08,1,0.67,0.67,1
12,12,2026-07-08,3,19.39,10.15,1
13,13,2026-07-08,5,91.76,22.45,1
17,17,2026-07-08,7,114.47,34.45,1
19,19,2026-07-08,3,20.39,8.7,1
21,21,2026-07-08,1,0.77,0.77,1
22,22,2026-07-08,2,15.85,8.62,1
24,24,2026-07-08,17,213.68,35.83,1
25,25,2026-07-08,3,13.86,8.78,1
30,30,2026-07-08,19,47.85,15.01,1
33,33,2026-07-08,16,57.76,22.15,1
40,40,2026-07-08,1,1.05,1.05,1
41,41,2026-07-08,8,96.05,15.82,1
43,43,2026-07-08,4,32.55,12.62,1
58,58,2026-07-08,5,14.56,6.09,1
3,3,2026-07-09,2,7.17,3.65,1
4,4,2026-07-09,1,9.33,9.33,1
5,5,2026-07-09,4,28.44,13.99,1
6,6,2026-07-09,2,9.46,8.73,1
7,7,2026-07-09,2,3.05,1.63,1
9,9,2026-07-09,1,42.81,42.81,1
12,12,2026-07-09,2,2.68,1.37,1
13,13,2026-07-09,15,416.04,57.95,1
14,14,2026-07-09,2,26.67,26.31,1
15,15,2026-07-09,1,5.68,5.68,1
18,18,2026-07-09,1,4.57,4.57,1
19,19,2026-07-09,12,123.54,12.48,1
21,21,2026-07-09,2,2.37,1.52,1
23,23,2026-07-09,2,31.0,18.1,1
24,24,2026-07-09,74,1690.56,154.24,1
29,29,2026-07-09,4,4.15,2.05,1
30,30,2026-07-09,19,42.38,6.91,1
33,33,2026-07-09,9,15.47,3.1,1
34,34,2026-07-09,1,3.06,3.06,1
35,35,2026-07-09,4,22.48,9.15,1
41,41,2026-07-09,2,134.1,93.21,1
42,42,2026-07-09,1,35.86,35.86,1
43,43,2026-07-09,2,10.01,8.95,1
44,44,2026-07-09,2,13.19,7.21,1
46,46,2026-07-09,1,45.73,45.73,1
58,58,2026-07-09,2,7.27,4.27,1
1,1,2026-07-10,3,2.09,1.25,1
3,3,2026-07-10,2,17.450000000000003,8.99,1
6,6,2026-07-10,5,42.57,14.56,1
8,8,2026-07-10,3,7.19,5.34,1
9,9,2026-07-10,1,3.32,3.32,1
14,14,2026-07-10,3,39.67,20.1,1
15,15,2026-07-10,15,140.2,18.59,1
19,19,2026-07-10,5,90.21,28.2,1
21,21,2026-07-10,36,1543.77,201.85,1
24,24,2026-07-10,44,1382.6,107.09,1
25,25,2026-07-10,14,486.36,72.62,1
28,28,2026-07-10,1,5.26,5.26,1
30,30,2026-07-10,10,22.29,4.79,1
31,31,2026-07-10,2,4.24,3.42,1
33,33,2026-07-10,6,10.77,2.71,1
35,35,2026-07-10,3,95.36,91.09,1
40,40,2026-07-10,4,22.06,13.61,1
43,43,2026-07-10,1,30.2,30.2,1
46,46,2026-07-10,1,4.35,4.35,1
58,58,2026-07-10,2,9.92,9.18,1
3,3,2026-07-11,1,2.4,2.4,1
5,5,2026-07-11,1,1.42,1.42,1
6,6,2026-07-11,7,232.08,70.87,1
7,7,2026-07-11,1,9.66,9.66,1
13,13,2026-07-11,1,6.64,6.64,1
15,15,2026-07-11,7,205.87,85.47,1
19,19,2026-07-11,9,94.74,65.67,1
20,20,2026-07-11,4,172.91,127.6,1
21,21,2026-07-11,5,83.07,30.3,1
22,22,2026-07-11,2,14.98,10.34,1
24,24,2026-07-11,58,506.09,91.52,1
28,28,2026-07-11,1,8.44,8.44,1
29,29,2026-07-11,4,37.63,12.55,1
30,30,2026-07-11,12,39.09,12.62,1
33,33,2026-07-11,3,2.26,1.5,1
38,38,2026-07-11,1,10.59,10.59,1
40,40,2026-07-11,1,1.14,1.14,1
43,43,2026-07-11,1,1.35,1.35,1
47,47,2026-07-11,1,7.46,7.46,1
58,58,2026-07-11,6,56.52,14.55,1
1,1,2026-07-12,9,98.32,44.14,1
6,6,2026-07-12,107,5891.51,243.37,1
7,7,2026-07-12,1,27.93,27.93,1
10,10,2026-07-12,10,295.76,61.24,1
12,12,2026-07-12,1,8.8,8.8,1
14,14,2026-07-12,6,98.34,53.85,1
15,15,2026-07-12,10,121.25,29.41,1
16,16,2026-07-12,1,1.85,1.85,1
17,17,2026-07-12,3,98.44,40.54,1
18,18,2026-07-12,25,595.54,77.49,1
19,19,2026-07-12,22,776.53,160.18,1
20,20,2026-07-12,13,428.84,98.4,1
21,21,2026-07-12,51,1771.22,105.42,1
22,22,2026-07-12,10,168.41,30.98,1
24,24,2026-07-12,43,3298.79,275.75,1
26,26,2026-07-12,3,63.2,28.52,1
29,29,2026-07-12,2,8.629999999999999,4.58,1
30,30,2026-07-12,5,5.75,2.49,1
33,33,2026-07-12,8,16.05,6.09,1
36,36,2026-07-12,3,10.52,5.14,1
39,39,2026-07-12,1,49.13,49.13,1
40,40,2026-07-12,1,2.53,2.53,1
41,41,2026-07-12,4,45.39,27.4,1
43,43,2026-07-12,28,340.33,57.67,1
44,44,2026-07-12,5,223.28,111.92,1
4,4,2026-07-13,3,1.9,0.69,1
6,6,2026-07-13,194,8396.21,352.01,1
10,10,2026-07-13,24,140.03,21.17,1
13,13,2026-07-13,3,16.25,8.41,1
14,14,2026-07-13,1,6.39,6.39,1
15,15,2026-07-13,7,100.44,20.23,1
16,16,2026-07-13,2,4.470000000000001,2.64,1
18,18,2026-07-13,18,104.01,18.32,1
19,19,2026-07-13,7,84.01,30.69,1
20,20,2026-07-13,222,7025.74,233.34,1
21,21,2026-07-13,17,2348.51,574.73,1
22,22,2026-07-13,122,3466.31,176.39,1
24,24,2026-07-13,1,3.84,3.84,1
25,25,2026-07-13,2,3.44,1.72,1
26,26,2026-07-13,20,132.0,19.56,1
30,30,2026-07-13,3,11.21,8.54,1
32,32,2026-07-13,1,5.07,5.07,1
33,33,2026-07-13,4,9.86,4.45,1
34,34,2026-07-13,2,26.81,13.64,1
40,40,2026-07-13,1,12.18,12.18,1
41,41,2026-07-13,25,1474.3,161.03,1
43,43,2026-07-13,24,1953.59,380.0,1
47,47,2026-07-13,5,10.67,2.62,1
58,58,2026-07-13,15,785.52,135.95,1
1,1,2026-07-14,1,6.52,6.52,1
3,3,2026-07-14,3,14.739999999999998,6.92,1
4,4,2026-07-14,1,21.45,21.45,1
5,5,2026-07-14,2,5.3,2.65,1
6,6,2026-07-14,107,1071.03,64.82,1
10,10,2026-07-14,5,44.65,16.19,1
14,14,2026-07-14,2,20.25,11.69,1
15,15,2026-07-14,5,26.72,6.67,1
17,17,2026-07-14,2,7.6,4.84,1
18,18,2026-07-14,2,4.34,2.45,1
19,19,2026-07-14,1,1.5,1.5,1
20,20,2026-07-14,87,1708.17,51.58,1
21,21,2026-07-14,4,50.73,18.35,1
24,24,2026-07-14,13,192.77,37.48,1
25,25,2026-07-14,4,184.33,55.57,1
26,26,2026-07-14,2,7.18,4.15,1
29,29,2026-07-14,18,1043.74,111.52,1
30,30,2026-07-14,2,3.86,2.06,1
33,33,2026-07-14,5,9.25,3.0,1
34,34,2026-07-14,13,141.63,19.62,1
36,36,2026-07-14,1,1.39,1.39,1
38,38,2026-07-14,9,116.28,29.74,1
39,39,2026-07-14,1,5.67,5.67,1
40,40,2026-07-14,1,0.93,0.93,1
43,43,2026-07-14,42,1505.87,227.58,1
44,44,2026-07-14,1,9.65,9.65,1
46,46,2026-07-14,4,76.69999999999999,40.23,1
58,58,2026-07-14,2,1.45,0.99,1
3,3,2026-07-15,1,14.05,14.05,1
6,6,2026-07-15,56,333.0,32.5,1
10,10,2026-07-15,3,15.1,9.47,1
13,13,2026-07-15,254,20718.17,473.07,1
15,15,2026-07-15,2,11.7,7.1,1
17,17,2026-07-15,2,28.89,14.55,1
18,18,2026-07-15,3,29.41,12.43,1
19,19,2026-07-15,9,223.56,42.17,1
20,20,2026-07-15,124,3320.27,211.59,1
21,21,2026-07-15,14,394.55,84.06,1
22,22,2026-07-15,42,542.53,32.68,1
24,24,2026-07-15,6,31.39,8.52,1
25,25,2026-07-15,6,264.05,125.3,1
26,26,2026-07-15,11,126.76,63.53,1
29,29,2026-07-15,50,577.4,54.11,1
30,30,2026-07-15,5,8.43,2.55,1
33,33,2026-07-15,5,5.65,1.6,1
43,43,2026-07-15,15,60.48,12.08,1
44,44,2026-07-15,1,3.2,3.2,1
58,58,2026-07-15,1,3.17,3.17,1
2,2,2026-07-16,3,5.49,2.46,1
5,5,2026-07-16,1,1.38,1.38,1
6,6,2026-07-16,27,251.77,37.43,1
13,13,2026-07-16,198,2151.44,109.19,1
16,16,2026-07-16,1,1.38,1.38,1
19,19,2026-07-16,2,1.68,0.94,1
20,20,2026-07-16,19,60.0,6.87,1
22,22,2026-07-16,42,713.15,109.19,1
23,23,2026-07-16,4,93.33,41.85,1
26,26,2026-07-16,52,401.49,58.56,1
30,30,2026-07-16,5,15.13,5.49,1
40,40,2026-07-16,3,8.41,3.95,1
43,43,2026-07-16,3,8.82,3.38,1
49,49,2026-07-16,4,28.54,21.82,1
