target_date,temperature_2m_max,temperature_2m_min,temperature_2m_mean,relative_humidity_2m_mean,wind_speed_10m_max,wind_gusts_10m_max,wind_direction_10m_dominant,precipitation_sum,rain_sum,sunshine_duration,shortwave_radiation_sum,et0_fao_evapotranspiration,surface_pressure_mean,wilaya_id,issued_date
2026-07-09,42.6,29.7,36.5,10,25.5,40.0,40,0.0,0.0,44000.37,28.1,12.78,980.1,1,2026-07-09
2026-07-09,39.6,20.5,29.9,32,15.4,35.3,339,0.0,0.0,50400.0,28.32,7.39,985.9,2,2026-07-09
2026-07-09,38.4,23.4,31.7,19,10.3,16.9,137,0.0,0.0,46517.94,29.73,7.78,925.3,3,2026-07-09
2026-07-09,35.4,18.8,27.2,28,23.5,44.3,334,0.0,0.0,48255.11,29.72,7.98,919.1,4,2026-07-09
2026-07-09,35.0,18.2,27.9,20,20.6,34.6,291,0.0,0.0,47820.82,29.65,8.46,911.3,5,2026-07-09
2026-07-09,36.9,20.9,28.4,19,21.5,46.8,24,0.0,0.0,50190.46,29.64,8.38,938.6,6,2026-07-09
2026-07-09,42.4,29.6,36.5,13,22.4,36.7,256,0.0,0.0,48146.05,29.46,9.17,1003.2,7,2026-07-09
2026-07-09,41.1,26.2,34.6,14,21.5,32.0,186,0.0,0.0,48675.97,30.11,9.97,935.0,8,2026-07-09
2026-07-09,33.7,24.4,28.4,40,8.7,27.4,226,0.0,0.0,50400.0,27.53,6.59,973.1,9,2026-07-09
2026-07-09,38.9,20.7,29.9,24,19.9,44.6,50,0.0,0.0,46800.0,27.51,7.3,941.8,10,2026-07-09
2026-07-09,38.6,26.0,33.2,19,19.9,35.3,202,0.0,0.0,43911.71,26.04,9.16,885.1,11,2026-07-09
2026-07-09,33.3,17.3,26.0,23,23.6,45.7,357,0.0,0.0,48312.93,29.93,8.66,892.0,12,2026-07-09
2026-07-09,33.2,17.5,25.0,19,18.4,37.4,6,0.0,0.0,50120.39,27.77,7.41,884.6,13,2026-07-09
2026-07-09,35.7,20.4,28.5,17,20.2,34.6,358,0.0,0.0,50400.0,28.92,8.46,890.7,14,2026-07-09
2026-07-09,39.0,18.0,27.8,41,13.1,31.0,81,0.0,0.0,50375.49,28.99,6.85,986.0,15,2026-07-09
2026-07-09,35.2,23.8,28.5,60,5.6,18.4,325,0.0,0.0,50400.0,27.65,5.82,1002.0,16,2026-07-09
2026-07-09,36.3,20.1,29.6,17,21.6,33.5,149,0.0,0.0,46800.0,30.16,8.3,910.0,17,2026-07-09
2026-07-09,36.4,22.8,29.6,19,12.4,27.0,191,0.0,0.0,50019.47,30.02,8.53,952.6,18,2026-07-09
2026-07-09,36.3,16.5,26.7,21,21.8,40.0,24,0.0,0.0,50000.92,29.42,7.62,907.0,19,2026-07-09
2026-07-09,35.6,19.9,27.9,23,18.8,33.8,338,0.0,0.0,50066.07,29.05,7.86,890.0,20,2026-07-09
2026-07-09,37.3,21.4,28.9,31,14.4,32.8,344,0.0,0.0,48505.92,29.31,7.24,983.4,21,2026-07-09
2026-07-09,35.9,21.0,28.0,17,22.7,45.4,340,0.0,0.0,49588.63,29.67,8.53,887.9,22,2026-07-09
2026-07-09,38.7,21.7,29.5,33,14.1,28.8,350,0.0,0.0,48132.93,29.33,7.39,999.8,23,2026-07-09
2026-07-09,33.7,19.8,26.5,24,22.3,45.7,300,0.0,0.0,47955.74,29.66,8.59,910.4,24,2026-07-09
2026-07-09,36.8,20.1,28.2,22,20.5,44.6,12,0.0,0.0,48504.63,29.57,8.38,937.2,25,2026-07-09
2026-07-09,38.6,18.3,29.6,22,24.2,45.0,134,0.0,0.0,50400.0,30.18,8.11,933.1,26,2026-07-09
2026-07-09,31.4,18.8,25.0,70,13.9,26.3,264,0.0,0.0,46951.71,28.97,6.07,989.7,27,2026-07-09
2026-07-09,40.1,22.2,32.1,14,16.6,25.2,40,0.0,0.0,47619.07,30.2,8.57,960.2,28,2026-07-09
2026-07-09,34.9,19.7,27.2,38,18.4,36.0,344,0.0,0.0,46436.82,28.74,7.11,947.9,29,2026-07-09
2026-07-09,41.6,28.7,35.7,16,10.6,17.6,79,0.0,0.0,46842.53,29.88,7.86,991.7,30,2026-07-09
2026-07-09,32.8,20.4,26.5,70,9.8,20.5,255,0.0,0.0,44460.75,27.64,5.81,1002.0,31,2026-07-09
2026-07-09,39.3,23.5,31.8,16,14.0,21.6,282,0.0,0.0,50360.48,30.39,8.2,919.9,32,2026-07-09
2026-07-09,40.2,27.8,34.6,15,26.7,39.6,47,0.0,0.0,46800.0,28.58,11.7,962.3,33,2026-07-09
2026-07-09,36.3,19.3,28.4,15,22.9,41.8,20,0.0,0.0,50156.06,28.27,7.96,909.7,34,2026-07-09
2026-07-09,36.0,20.3,26.9,61,13.6,27.7,258,0.0,0.0,46800.0,28.27,6.36,1005.6,35,2026-07-09
2026-07-09,38.1,18.4,28.3,35,15.8,35.3,298,0.0,0.0,47828.49,29.37,7.8,1006.4,36,2026-07-09
2026-07-09,43.5,29.8,37.2,11,22.7,37.4,184,0.0,0.0,46179.96,28.15,11.42,966.4,37,2026-07-09
2026-07-09,39.5,18.3,29.6,21,19.6,46.1,342,0.0,0.0,50400.0,29.31,8.03,931.3,38,2026-07-09
2026-07-09,41.2,25.4,34.1,23,10.1,18.0,289,0.0,0.0,47185.9,30.27,7.55,1001.7,39,2026-07-09
2026-07-09,33.6,20.3,27.5,22,19.0,33.1,307,0.0,0.0,48634.07,29.76,8.0,900.8,40,2026-07-09
2026-07-09,34.5,17.8,26.5,28,21.0,42.1,330,0.0,0.0,48527.53,30.36,7.93,926.1,41,2026-07-09
2026-07-09,31.8,22.0,26.3,51,10.0,21.6,272,0.0,0.0,50400.0,27.69,6.25,982.9,42,2026-07-09
2026-07-09,35.3,19.3,27.5,23,24.9,56.9,4,0.0,0.0,49385.82,30.21,8.28,912.2,43,2026-07-09
2026-07-09,41.7,22.5,31.2,28,16.8,35.3,36,0.0,0.0,49373.16,28.43,7.29,972.1,44,2026-07-09
2026-07-09,37.8,21.3,30.5,22,26.3,43.2,227,0.0,0.0,49553.83,29.69,8.45,891.8,45,2026-07-09
2026-07-09,30.5,19.9,25.4,67,15.4,29.5,265,0.0,0.0,50306.5,28.22,5.9,996.2,46,2026-07-09
2026-07-09,40.4,26.4,33.9,18,12.4,23.4,156,0.0,0.0,47964.32,29.51,7.95,951.7,47,2026-07-09
2026-07-09,36.0,21.5,28.7,43,17.4,36.4,267,0.0,0.0,50281.28,28.54,7.28,980.1,48,2026-07-09
2026-07-09,42.4,26.5,35.1,16,14.2,20.9,82,0.0,0.0,49203.88,29.73,9.06,970.3,49,2026-07-09
2026-07-09,45.0,31.6,38.7,11,24.0,37.4,2,0.0,0.0,43188.49,26.67,12.48,970.6,50,2026-07-09
2026-07-09,40.6,25.0,33.7,15,12.6,20.9,165,0.0,0.0,46800.0,30.13,8.02,970.1,51,2026-07-09
2026-07-09,41.6,28.1,35.3,13,20.4,36.0,150,0.0,0.0,45985.96,28.2,10.69,942.8,52,2026-07-09
2026-07-09,41.9,30.7,36.9,11,38.8,59.0,58,0.0,0.0,44292.51,28.11,15.7,969.4,53,2026-07-09
2026-07-09,42.2,32.5,37.5,18,20.0,32.8,228,0.0,0.0,38931.95,20.51,7.99,949.4,54,2026-07-09
2026-07-09,41.8,26.5,34.7,18,10.2,18.4,148,0.0,0.0,46800.0,30.33,7.62,998.9,55,2026-07-09
2026-07-09,38.9,25.5,32.8,22,28.3,42.5,61,0.1,0.0,46800.0,27.57,8.87,913.0,56,2026-07-09
2026-07-09,42.5,27.6,35.7,16,10.5,16.2,231,0.0,0.0,48453.68,29.91,7.32,1000.9,57,2026-07-09
2026-07-09,40.5,27.0,34.0,17,9.7,18.4,121,0.0,0.0,48532.3,29.78,7.42,959.6,58,2026-07-09
2026-07-10,42.5,29.6,36.5,10,22.6,34.2,63,0.0,0.0,44002.39,28.34,10.78,977.7,1,2026-07-09
2026-07-10,38.3,22.7,29.9,35,16.0,34.6,306,0.0,0.0,48816.79,27.99,7.31,984.0,2,2026-07-09
2026-07-10,38.6,26.1,32.8,16,30.5,47.5,200,0.0,0.0,46334.09,28.0,11.19,924.1,3,2026-07-09
2026-07-10,38.1,20.0,29.3,28,15.4,30.6,291,0.0,0.0,47006.34,28.8,7.25,918.0,4,2026-07-09
2026-07-10,35.8,19.7,28.8,22,23.7,38.9,217,0.0,0.0,47826.57,29.15,8.28,910.4,5,2026-07-09
2026-07-10,39.4,22.6,29.5,25,12.4,37.1,212,0.0,0.0,46955.9,26.3,7.19,936.5,6,2026-07-09
2026-07-10,43.1,29.7,37.0,14,19.9,31.3,127,0.0,0.0,47224.04,28.94,9.38,1002.2,7,2026-07-09
2026-07-10,40.7,27.6,34.8,13,24.5,37.1,173,0.0,0.0,48688.07,29.62,10.7,932.9,8,2026-07-09
2026-07-10,31.3,22.8,27.2,44,9.9,29.5,283,0.0,0.0,50286.92,26.51,6.07,971.2,9,2026-07-09
2026-07-10,39.9,24.2,30.7,23,23.4,49.3,181,0.0,0.0,48473.74,26.22,8.24,939.7,10,2026-07-09
2026-07-10,39.3,24.3,32.3,21,33.6,67.7,180,0.3,0.0,44981.3,25.53,9.98,884.6,11,2026-07-09
2026-07-10,34.3,18.0,27.2,23,23.7,42.1,238,0.0,0.0,48022.45,29.08,8.27,891.7,12,2026-07-09
2026-07-10,34.3,20.1,26.3,19,14.5,27.4,11,0.0,0.0,50085.85,30.39,7.14,882.3,13,2026-07-09
2026-07-10,35.6,20.9,28.9,22,18.1,35.6,335,0.0,0.0,50400.0,29.04,8.88,888.6,14,2026-07-09
2026-07-10,36.6,20.3,26.9,50,13.6,34.2,255,0.0,0.0,46261.96,26.1,6.01,984.0,15,2026-07-09
2026-07-10,33.0,22.4,27.2,64,9.2,25.9,309,0.0,0.0,47695.02,26.17,5.61,1000.3,16,2026-07-09
2026-07-10,37.3,25.6,31.7,15,32.1,51.5,206,0.0,0.0,46194.56,27.16,9.23,908.8,17,2026-07-09
2026-07-10,38.9,24.5,31.3,30,14.7,31.0,206,0.0,0.0,46881.12,27.61,7.96,950.4,18,2026-07-09
2026-07-10,36.6,18.0,28.4,22,28.1,49.3,194,0.0,0.0,47726.4,27.9,8.76,905.6,19,2026-07-09
2026-07-10,36.1,20.3,27.6,24,22.2,43.2,351,0.0,0.0,49071.08,29.79,7.98,887.7,20,2026-07-09
2026-07-10,38.7,23.7,31.1,27,16.8,35.3,27,0.0,0.0,48192.97,28.64,7.29,981.3,21,2026-07-09
2026-07-10,36.8,22.1,28.1,17,26.6,52.9,356,0.0,0.0,50286.4,30.38,8.46,885.5,22,2026-07-09
2026-07-10,42.5,23.3,31.6,27,17.1,36.0,63,0.0,0.0,48156.1,28.99,7.83,997.6,23,2026-07-09
2026-07-10,38.1,22.0,29.2,21,25.5,55.8,184,0.0,0.0,47645.28,28.14,8.66,909.3,24,2026-07-09
2026-07-10,39.9,21.6,30.9,20,19.1,44.3,151,0.0,0.0,47560.96,27.97,8.55,935.7,25,2026-07-09
2026-07-10,37.8,24.1,30.8,20,22.9,42.1,227,0.0,0.0,50400.0,26.51,8.22,930.9,26,2026-07-09
2026-07-10,31.5,19.9,25.2,58,16.6,30.2,251,0.0,0.0,49300.3,28.56,6.33,987.6,27,2026-07-09
2026-07-10,41.8,26.2,34.0,17,27.9,46.1,215,0.1,0.0,45846.35,26.44,9.24,958.0,28,2026-07-09
2026-07-10,34.0,20.5,27.2,40,17.8,36.7,347,0.0,0.0,48429.73,29.13,7.31,945.8,29,2026-07-09
2026-07-10,42.8,28.5,36.3,13,12.1,20.5,137,0.0,0.0,46847.87,29.77,8.4,990.7,30,2026-07-09
2026-07-10,33.5,22.1,26.9,51,14.5,28.4,247,0.0,0.0,47784.58,28.89,6.64,999.7,31,2026-07-09
2026-07-10,38.6,26.2,32.5,17,27.5,42.5,196,0.0,0.0,49225.7,28.36,9.99,918.8,32,2026-07-09
2026-07-10,41.1,27.8,35.0,10,33.8,51.8,85,0.0,0.0,46800.0,29.12,13.52,962.1,33,2026-07-09
2026-07-10,36.4,21.4,29.6,18,33.0,57.2,187,0.0,0.0,48587.14,27.11,9.39,908.1,34,2026-07-09
2026-07-10,31.5,20.0,25.5,71,16.0,40.0,277,0.0,0.0,48601.68,26.05,5.43,1003.8,35,2026-07-09
2026-07-10,41.8,19.0,30.4,30,18.9,42.1,81,0.0,0.0,47532.46,29.42,8.37,1004.3,36,2026-07-09
2026-07-10,42.1,26.5,34.8,12,22.2,34.9,245,0.0,0.0,46409.07,28.47,10.85,963.5,37,2026-07-09
2026-07-10,37.3,21.6,29.7,24,15.6,28.1,318,0.0,0.0,47695.78,27.91,7.34,929.2,38,2026-07-09
2026-07-10,42.7,26.7,35.2,18,9.5,17.3,283,0.0,0.0,46888.93,30.06,7.39,1000.7,39,2026-07-09
2026-07-10,34.0,21.8,28.4,21,24.7,42.1,233,0.0,0.0,48653.48,30.77,8.73,900.4,40,2026-07-09
2026-07-10,37.7,20.6,29.3,22,19.6,38.9,202,0.0,0.0,48549.65,29.6,7.75,925.2,41,2026-07-09
2026-07-10,31.0,19.9,25.4,56,9.2,20.5,289,0.0,0.0,48422.18,26.56,5.76,981.1,42,2026-07-09
2026-07-10,37.8,22.7,30.3,20,22.9,49.0,212,0.0,0.0,48758.23,28.31,8.62,910.9,43,2026-07-09
2026-07-10,39.1,23.3,30.6,28,14.4,30.2,273,0.0,0.0,47215.06,27.38,7.24,970.0,44,2026-07-09
2026-07-10,37.5,22.1,30.1,19,31.2,48.6,207,0.0,0.0,50037.35,27.71,9.66,889.6,45,2026-07-09
2026-07-10,29.8,20.6,25.1,56,18.0,33.8,261,0.0,0.0,49729.28,29.37,6.42,993.7,46,2026-07-09
2026-07-10,40.7,27.5,34.6,12,20.6,35.3,180,0.0,0.0,48865.81,29.52,9.01,950.9,47,2026-07-09
2026-07-10,35.5,22.7,28.7,36,16.7,36.0,269,0.0,0.0,48081.66,28.08,7.22,978.1,48,2026-07-09
2026-07-10,43.1,27.3,35.5,12,27.2,41.0,99,0.0,0.0,48925.78,29.83,11.55,968.3,49,2026-07-09
2026-07-10,44.4,31.7,38.6,10,20.2,30.2,12,0.0,0.0,43200.0,26.71,10.67,969.4,50,2026-07-09
2026-07-10,42.5,27.6,35.5,13,21.4,34.2,189,0.0,0.0,46800.0,29.1,9.9,968.6,51,2026-07-09
2026-07-10,41.8,29.0,35.7,10,23.9,41.0,137,0.0,0.0,46004.21,28.29,12.11,940.0,52,2026-07-09
2026-07-10,44.0,29.8,37.4,10,33.2,50.4,63,0.0,0.0,44303.51,28.13,14.58,967.5,53,2026-07-09
2026-07-10,42.2,31.2,37.6,18,17.3,27.0,212,0.0,0.0,42349.42,25.62,9.02,948.7,54,2026-07-09
2026-07-10,42.9,26.7,35.5,14,10.6,18.7,198,0.0,0.0,47377.23,29.98,8.03,997.8,55,2026-07-09
2026-07-10,38.8,26.9,33.4,18,25.7,41.4,119,0.0,0.0,46800.0,28.16,10.07,913.2,56,2026-07-09
2026-07-10,43.9,28.5,36.9,13,15.1,24.1,193,0.0,0.0,48152.76,29.59,9.64,999.5,57,2026-07-09
2026-07-10,41.0,26.8,34.1,13,20.7,32.0,114,0.0,0.0,48535.14,29.88,9.64,958.5,58,2026-07-09
2026-07-11,44.1,28.3,36.6,9,16.2,28.8,324,0.0,0.0,44004.93,28.42,9.94,977.7,1,2026-07-09
2026-07-11,39.7,24.6,31.4,33,14.4,35.3,334,0.0,0.0,45139.71,24.84,6.74,984.7,2,2026-07-09
2026-07-11,39.8,25.4,33.2,14,23.2,36.0,190,0.0,0.0,50216.23,30.11,10.32,926.3,3,2026-07-09
2026-07-11,38.9,22.0,31.0,24,21.1,40.0,329,0.0,0.0,46800.0,26.63,7.43,919.9,4,2026-07-09
2026-07-11,37.3,23.3,30.7,18,24.2,40.7,243,0.0,0.0,48766.25,29.93,8.65,912.5,5,2026-07-09
2026-07-11,40.4,22.2,29.7,34,10.0,31.7,215,0.0,0.0,40091.83,21.64,5.85,938.5,6,2026-07-09
2026-07-11,44.2,32.7,38.3,13,28.7,45.4,118,0.0,0.0,48156.88,29.19,10.76,1003.9,7,2026-07-09
2026-07-11,41.0,28.5,34.9,11,29.2,44.6,140,0.0,0.0,48405.33,30.65,10.73,934.0,8,2026-07-09
2026-07-11,32.8,24.4,28.9,44,7.4,48.6,125,0.1,0.0,44796.09,22.82,5.77,972.6,9,2026-07-09
2026-07-11,40.7,23.7,31.8,24,18.2,45.0,229,0.0,0.0,44518.14,23.13,7.43,941.9,10,2026-07-09
2026-07-11,37.6,26.8,32.3,24,22.8,38.5,197,3.5,0.7,45018.72,26.52,9.09,886.3,11,2026-07-09
2026-07-11,35.8,21.9,29.1,21,26.5,47.2,219,0.0,0.0,47149.11,29.37,9.26,894.1,12,2026-07-09
2026-07-11,37.3,19.2,28.4,23,25.6,50.8,201,0.0,0.0,50050.46,30.57,8.58,882.9,13,2026-07-09
2026-07-11,37.4,24.1,30.6,17,28.7,48.2,180,0.0,0.0,48299.92,25.79,9.26,891.1,14,2026-07-09
2026-07-11,38.9,20.2,28.4,53,9.0,36.4,92,0.0,0.0,38090.99,23.19,5.58,985.9,15,2026-07-09
2026-07-11,32.1,22.9,27.4,58,8.7,46.8,26,0.0,0.0,42512.29,24.23,5.39,1001.8,16,2026-07-09
2026-07-11,38.4,26.0,32.7,15,24.1,38.9,193,0.0,0.0,50140.56,29.43,8.84,911.1,17,2026-07-09
2026-07-11,37.5,22.7,29.3,38,11.7,38.2,186,0.0,0.0,36919.15,19.2,5.19,952.3,18,2026-07-09
2026-07-11,37.1,23.6,30.5,18,18.0,36.0,281,0.1,0.0,47733.17,23.67,7.11,907.7,19,2026-07-09
2026-07-11,37.7,25.7,31.5,14,35.1,64.1,185,0.0,0.0,49143.22,29.93,11.91,889.7,20,2026-07-09
2026-07-11,38.2,24.4,30.6,37,9.2,31.0,334,0.0,0.0,41502.93,20.9,5.11,983.0,21,2026-07-09
2026-07-11,38.2,24.8,31.4,14,36.0,74.2,184,0.0,0.0,50251.07,30.24,11.44,886.9,22,2026-07-09
2026-07-11,40.6,23.7,31.4,37,15.9,33.8,317,0.0,0.0,44557.1,22.7,6.04,999.1,23,2026-07-09
2026-07-11,37.2,25.5,31.0,19,22.3,56.5,241,0.0,0.0,46237.11,25.32,8.58,911.3,24,2026-07-09
2026-07-11,39.9,24.9,32.3,18,20.1,42.8,318,0.0,0.0,42188.39,24.79,7.98,937.6,25,2026-07-09
2026-07-11,40.3,23.1,32.2,24,20.2,38.9,183,0.0,0.0,46144.52,24.04,8.33,933.2,26,2026-07-09
2026-07-11,29.5,20.7,25.0,77,17.4,35.3,301,0.0,0.0,44549.27,26.27,5.26,988.5,27,2026-07-09
2026-07-11,42.3,27.1,34.6,19,22.9,36.0,58,0.0,0.0,46189.21,25.98,8.47,960.0,28,2026-07-09
2026-07-11,34.3,21.0,27.5,48,19.4,38.9,353,0.1,0.0,47908.32,28.21,6.85,946.4,29,2026-07-09
2026-07-11,44.3,31.6,37.9,13,17.0,25.9,105,0.0,0.0,46853.87,29.67,9.92,991.9,30,2026-07-09
2026-07-11,29.3,21.9,25.5,74,14.9,30.6,350,0.1,0.0,48438.18,27.83,5.58,1000.9,31,2026-07-09
2026-07-11,39.2,25.4,32.4,14,28.7,43.9,150,0.0,0.0,50294.88,30.35,10.52,920.6,32,2026-07-09
2026-07-11,42.0,27.9,35.5,10,32.4,50.4,92,0.0,0.0,46800.0,29.15,13.32,963.1,33,2026-07-09
2026-07-11,38.1,24.7,31.4,18,20.0,34.6,247,0.1,0.0,46072.84,26.12,8.0,910.3,34,2026-07-09
2026-07-11,34.1,20.1,26.7,68,11.5,58.7,293,0.0,0.0,41236.03,23.66,5.28,1005.3,35,2026-07-09
2026-07-11,38.5,23.0,30.6,45,13.9,37.4,11,0.0,0.0,45535.46,25.37,6.58,1005.7,36,2026-07-09
2026-07-11,40.1,24.7,33.1,17,18.5,30.2,266,0.0,0.0,46294.66,28.58,9.65,964.0,37,2026-07-09
2026-07-11,41.7,23.9,32.6,19,24.6,48.2,193,0.1,0.0,44877.9,24.1,7.95,930.9,38,2026-07-09
2026-07-11,43.5,29.5,36.4,15,11.6,19.4,126,0.0,0.0,46895.9,29.83,8.46,1002.5,39,2026-07-09
2026-07-11,35.0,23.9,29.9,18,22.9,38.9,214,0.0,0.0,48598.34,30.36,8.35,902.6,40,2026-07-09
2026-07-11,38.5,22.6,30.9,23,22.4,45.7,301,0.0,0.0,47016.09,26.88,8.04,927.1,41,2026-07-09
2026-07-11,30.6,22.0,26.4,52,9.9,42.8,153,0.0,0.0,45539.58,22.69,5.3,982.3,42,2026-07-09
2026-07-11,38.2,24.6,31.8,17,21.9,46.4,267,0.0,0.0,48913.74,24.71,7.72,913.0,43,2026-07-09
2026-07-11,42.6,24.0,32.4,28,19.3,40.7,36,0.0,0.0,45158.44,24.28,7.05,971.3,44,2026-07-09
2026-07-11,37.0,26.0,31.6,12,34.5,54.4,171,0.0,0.0,50003.48,30.87,12.01,891.3,45,2026-07-09
2026-07-11,28.9,20.7,24.7,79,13.8,28.1,285,0.0,0.0,50052.31,27.91,5.31,994.9,46,2026-07-09
2026-07-11,41.5,26.8,35.0,14,17.7,30.2,146,0.0,0.0,48869.51,29.75,8.84,952.5,47,2026-07-09
2026-07-11,36.9,23.1,28.8,54,14.1,30.6,273,0.0,0.0,45715.49,25.19,6.18,978.8,48,2026-07-09
2026-07-11,44.5,27.6,36.4,10,30.1,46.1,94,0.0,0.0,48937.54,30.34,13.35,968.5,49,2026-07-09
2026-07-11,44.5,30.6,38.4,10,14.8,22.3,21,0.0,0.0,43118.74,26.72,9.14,970.7,50,2026-07-09
2026-07-11,43.2,28.4,36.7,13,17.9,27.7,186,0.0,0.0,48966.19,29.67,9.08,970.6,51,2026-07-09
2026-07-11,42.2,27.8,35.3,8,23.5,39.6,130,0.0,0.0,46025.11,28.81,10.3,939.7,52,2026-07-09
2026-07-11,46.2,32.3,39.5,9,35.3,51.8,75,0.0,0.0,44033.46,27.97,15.08,967.7,53,2026-07-09
2026-07-11,41.6,31.4,37.5,21,22.6,37.1,276,0.0,0.0,41442.62,25.2,10.05,950.5,54,2026-07-09
2026-07-11,44.1,29.1,36.7,14,11.0,18.7,146,0.0,0.0,47383.31,29.74,8.45,999.4,55,2026-07-09
2026-07-11,39.1,26.3,33.4,16,26.8,43.2,126,0.0,0.0,46800.0,28.79,9.98,914.5,56,2026-07-09
2026-07-11,45.0,31.0,38.1,14,12.7,20.9,166,0.0,0.0,48158.14,29.52,8.22,1001.3,57,2026-07-09
2026-07-11,42.3,27.6,35.1,12,28.4,44.6,108,0.0,0.0,48538.57,30.11,11.51,959.4,58,2026-07-09
2026-07-12,45.6,28.2,37.7,8,18.8,31.3,336,0.0,0.0,43729.69,28.14,11.01,978.9,1,2026-07-09
2026-07-12,43.3,22.2,33.1,38,14.0,37.1,2,0.0,0.0,50457.01,29.04,7.97,986.0,2,2026-07-09
2026-07-12,40.3,25.2,33.5,16,24.3,37.8,168,0.0,0.0,50197.21,30.27,9.88,928.1,3,2026-07-09
2026-07-12,40.4,23.2,31.8,26,27.1,54.0,320,0.0,0.0,49487.08,27.16,8.35,921.8,4,2026-07-09
2026-07-12,38.4,21.6,31.0,21,22.6,36.7,261,0.0,0.0,49690.53,29.26,8.63,914.4,5,2026-07-09
2026-07-12,41.6,26.4,32.6,23,15.8,46.8,245,0.0,0.0,50128.13,26.41,7.98,940.7,6,2026-07-09
2026-07-12,45.6,32.1,39.1,14,16.8,27.0,159,0.0,0.0,49621.16,29.19,9.39,1005.3,7,2026-07-09
2026-07-12,41.3,28.8,35.4,10,33.7,52.2,142,0.0,0.0,48434.89,30.18,11.81,935.1,8,2026-07-09
2026-07-12,36.1,28.6,31.6,42,11.0,36.4,85,0.0,0.0,50400.0,28.61,7.26,974.1,9,2026-07-09
2026-07-12,42.5,26.6,34.8,17,18.4,38.5,182,0.0,0.0,50334.47,29.24,9.21,943.9,10,2026-07-09
2026-07-12,38.2,24.2,31.7,26,24.9,35.3,29,0.1,0.0,42064.18,25.69,9.27,885.7,11,2026-07-09
2026-07-12,37.7,23.1,30.6,20,26.9,48.2,338,0.0,0.0,47467.6,25.91,8.36,895.6,12,2026-07-09
2026-07-12,38.6,21.3,29.9,15,46.8,96.1,176,0.0,0.0,50464.18,30.91,10.82,884.5,13,2026-07-09
2026-07-12,37.9,22.6,30.6,17,33.0,55.4,175,0.0,0.0,50400.0,30.72,10.17,893.0,14,2026-07-09
2026-07-12,42.8,23.5,31.9,36,15.9,38.2,66,0.0,0.0,50312.72,26.95,7.27,987.1,15,2026-07-09
2026-07-12,34.6,24.6,28.9,65,12.0,31.7,8,0.0,0.0,49464.47,27.82,6.08,1002.9,16,2026-07-09
2026-07-12,38.8,24.9,32.8,15,20.2,32.0,175,0.0,0.0,50120.63,30.39,9.06,913.1,17,2026-07-09
2026-07-12,38.6,26.9,32.8,27,13.1,27.0,206,0.0,0.0,49892.72,27.57,8.01,954.5,18,2026-07-09
2026-07-12,39.5,21.8,30.8,20,22.7,39.6,252,0.0,0.0,49940.13,27.82,9.03,909.9,19,2026-07-09
2026-07-12,38.0,24.7,31.4,13,34.0,61.9,174,0.0,0.0,50438.82,30.87,11.99,891.5,20,2026-07-09
2026-07-12,37.8,24.9,29.9,47,14.2,33.5,20,0.0,0.0,49159.56,26.43,6.36,985.3,21,2026-07-09
2026-07-12,38.2,25.2,31.9,12,40.1,84.2,175,0.0,0.0,50463.7,31.0,12.53,888.8,22,2026-07-09
2026-07-12,41.1,24.1,31.1,50,6.5,14.0,63,0.0,0.0,48803.59,27.68,6.45,1001.6,23,2026-07-09
2026-07-12,38.4,24.7,30.8,24,23.0,50.4,269,0.0,0.0,49498.88,26.15,8.95,913.2,24,2026-07-09
2026-07-12,41.6,25.5,32.7,21,23.8,58.3,5,0.0,0.0,49468.96,25.13,8.89,939.6,25,2026-07-09
2026-07-12,41.8,26.2,34.2,15,22.4,49.7,198,0.0,0.0,50400.0,30.33,9.44,935.3,26,2026-07-09
2026-07-12,31.7,21.5,26.2,79,16.3,30.2,280,0.0,0.0,47779.65,28.35,5.81,989.6,27,2026-07-09
2026-07-12,44.0,27.8,36.3,14,21.6,34.2,176,0.0,0.0,50076.67,29.5,9.24,962.2,28,2026-07-09
2026-07-12,39.9,19.2,29.8,47,18.3,39.6,292,0.0,0.0,49738.54,29.9,7.61,947.7,29,2026-07-09
2026-07-12,44.6,31.3,38.3,13,15.0,23.0,91,0.0,0.0,48623.38,29.51,9.33,993.2,30,2026-07-09
2026-07-12,30.5,22.5,26.1,78,14.6,31.0,320,0.0,0.0,48631.64,28.67,5.71,1002.2,31,2026-07-09
2026-07-12,39.9,25.7,32.7,14,31.4,48.6,142,0.0,0.0,50261.02,30.27,10.97,922.1,32,2026-07-09
2026-07-12,41.3,25.7,34.6,11,25.2,38.5,84,0.0,0.0,46800.0,29.45,12.04,963.7,33,2026-07-09
2026-07-12,39.3,26.1,32.8,15,24.6,40.3,199,0.0,0.0,50095.49,30.12,9.31,912.7,34,2026-07-09
2026-07-12,34.9,23.5,29.0,68,13.0,27.7,291,0.0,0.0,50210.24,27.85,6.21,1006.4,35,2026-07-09
2026-07-12,38.0,20.9,28.9,60,15.3,35.3,33,0.0,0.0,49324.51,28.17,6.89,1008.5,36,2026-07-09
2026-07-12,40.4,25.0,33.0,17,16.3,23.8,291,0.0,0.0,46012.1,28.08,9.24,966.3,37,2026-07-09
2026-07-12,42.5,22.3,33.1,16,25.5,46.4,174,0.0,0.0,50400.0,30.18,9.94,932.9,38,2026-07-09
2026-07-12,44.3,29.9,37.4,16,8.4,15.8,202,0.0,0.0,48716.04,29.73,7.9,1003.6,39,2026-07-09
2026-07-12,36.9,25.2,31.7,18,23.3,41.0,245,0.0,0.0,49473.33,29.03,8.8,904.3,40,2026-07-09
2026-07-12,39.6,23.6,31.7,23,26.4,54.4,302,0.0,0.0,48281.19,26.78,8.97,928.9,41,2026-07-09
2026-07-12,32.2,22.5,27.5,59,10.6,23.8,251,0.0,0.0,50400.0,27.39,6.14,983.7,42,2026-07-09
2026-07-12,40.2,26.6,32.5,18,27.2,59.4,294,0.0,0.0,49789.17,25.78,9.11,915.1,43,2026-07-09
2026-07-12,45.7,26.6,34.9,24,20.5,50.0,155,0.0,0.0,50400.0,27.15,8.52,972.7,44,2026-07-09
2026-07-12,37.5,24.2,31.3,12,40.9,65.9,163,0.0,0.0,49978.34,30.88,11.39,892.8,45,2026-07-09
2026-07-12,30.7,21.5,25.2,82,15.7,30.2,276,0.0,0.0,48346.09,28.21,5.44,996.2,46,2026-07-09
2026-07-12,42.2,27.6,35.5,14,16.5,28.1,137,0.0,0.0,49812.33,29.83,8.58,954.1,47,2026-07-09
2026-07-12,40.4,21.9,29.9,67,14.7,31.0,277,0.0,0.0,47675.2,28.89,6.76,980.0,48,2026-07-09
2026-07-12,45.3,29.1,37.5,9,28.3,43.6,97,0.0,0.0,48725.01,29.69,13.72,969.9,49,2026-07-09
2026-07-12,45.0,30.8,38.5,17,28.7,42.1,287,0.0,0.0,43018.53,26.67,10.45,972.0,50,2026-07-09
2026-07-12,43.7,29.0,36.9,15,11.7,19.4,155,0.0,0.0,49783.92,29.79,8.51,972.4,51,2026-07-09
2026-07-12,43.9,27.9,36.6,8,23.2,37.8,305,0.0,0.0,45827.38,28.36,9.51,941.5,52,2026-07-09
2026-07-12,45.5,32.1,39.1,8,33.2,50.4,72,0.0,0.0,44045.02,28.23,15.9,969.3,53,2026-07-09
2026-07-12,41.7,30.4,36.3,26,24.6,45.7,255,0.9,0.6,41902.66,25.44,9.24,951.2,54,2026-07-09
2026-07-12,44.5,29.6,37.5,14,9.7,18.4,145,0.0,0.0,49228.97,29.73,8.24,1000.7,55,2026-07-09
2026-07-12,38.3,26.4,32.9,14,27.7,44.3,121,0.0,0.0,46800.0,28.95,10.14,914.3,56,2026-07-09
2026-07-12,45.3,29.5,38.1,16,7.2,13.3,172,0.0,0.0,49552.46,29.51,7.53,1002.9,57,2026-07-09
2026-07-12,42.8,28.3,35.6,13,30.1,46.4,111,0.0,0.0,49737.3,30.17,11.8,960.9,58,2026-07-09
2026-07-13,45.5,30.9,38.5,8,25.3,43.6,50,0.0,0.0,45122.67,27.77,13.12,979.0,1,2026-07-09
2026-07-13,40.8,23.0,31.5,50,14.8,38.2,309,0.0,0.0,50310.45,28.02,7.14,987.4,2,2026-07-09
2026-07-13,41.1,25.0,34.0,16,21.8,33.8,196,0.0,0.0,50176.65,30.02,9.38,928.9,3,2026-07-09
2026-07-13,40.4,21.9,31.3,26,24.2,52.6,23,0.0,0.0,50460.4,27.75,8.13,922.6,4,2026-07-09
2026-07-13,38.8,23.2,31.9,19,24.1,39.2,268,0.0,0.0,50510.81,29.37,8.89,914.9,5,2026-07-09
2026-07-13,40.8,26.8,33.0,19,26.9,56.5,324,0.0,0.0,50694.6,28.04,8.85,941.5,6,2026-07-09
2026-07-13,46.0,33.1,39.6,16,23.9,37.1,170,0.0,0.0,49858.63,28.85,9.52,1005.6,7,2026-07-09
2026-07-13,42.0,29.0,35.9,11,31.5,52.6,155,0.0,0.0,48162.22,29.13,11.81,936.7,8,2026-07-09
2026-07-13,34.9,29.0,31.3,42,10.5,31.7,76,0.0,0.0,50400.0,28.22,7.01,975.0,9,2026-07-09
2026-07-13,43.8,26.8,35.1,15,16.7,36.0,157,0.0,0.0,50413.49,29.4,8.88,944.7,10,2026-07-09
2026-07-13,38.1,25.0,32.1,18,25.8,44.6,195,0.0,0.0,45122.65,25.2,9.56,885.7,11,2026-07-09
2026-07-13,38.6,20.5,29.5,26,24.3,41.0,1,0.0,0.0,49029.37,27.26,8.29,896.0,12,2026-07-09
2026-07-13,33.8,17.2,24.8,51,18.7,42.8,286,0.0,0.0,50126.4,29.75,7.0,885.1,13,2026-07-09
2026-07-13,39.0,24.6,31.7,15,29.8,50.4,185,0.0,0.0,50400.0,30.17,10.41,894.0,14,2026-07-09
2026-07-13,40.8,23.8,31.5,39,14.1,31.7,41,0.0,0.0,50635.82,28.9,7.36,988.0,15,2026-07-09
2026-07-13,33.2,25.5,28.7,67,10.1,32.4,342,0.0,0.0,50563.71,27.76,6.04,1003.8,16,2026-07-09
2026-07-13,39.4,24.8,33.1,15,19.5,32.4,203,0.0,0.0,50099.12,30.18,8.99,913.7,17,2026-07-09
2026-07-13,41.0,28.0,34.4,20,13.3,29.2,195,0.0,0.0,50960.06,28.03,8.76,955.4,18,2026-07-09
2026-07-13,40.7,21.0,30.8,19,18.2,37.4,358,0.0,0.0,50471.81,26.65,8.02,910.5,19,2026-07-09
2026-07-13,38.9,25.6,32.1,13,34.8,63.7,180,0.0,0.0,50446.71,30.36,11.99,892.4,20,2026-07-09
2026-07-13,39.8,23.5,31.3,42,12.3,27.4,43,0.0,0.0,50336.85,28.14,6.93,986.1,21,2026-07-09
2026-07-13,39.8,24.5,31.5,23,37.1,82.4,182,0.0,0.0,50437.01,30.47,11.29,889.5,22,2026-07-09
2026-07-13,41.2,22.8,31.6,42,16.3,32.4,69,0.0,0.0,50094.2,27.97,7.78,1002.6,23,2026-07-09
2026-07-13,39.0,23.8,30.6,23,20.1,42.1,95,0.0,0.0,50405.6,28.71,8.63,914.1,24,2026-07-09
2026-07-13,41.8,24.8,32.6,20,23.2,51.8,28,0.0,0.0,50654.9,28.01,9.12,940.4,25,2026-07-09
2026-07-13,42.3,24.6,34.1,16,20.0,40.0,167,0.0,0.0,50400.0,29.87,9.47,935.9,26,2026-07-09
2026-07-13,29.7,22.7,25.6,83,19.1,34.9,274,0.0,0.0,48395.58,27.16,5.25,991.6,27,2026-07-09
2026-07-13,44.1,27.5,36.2,15,22.9,36.4,66,0.0,0.0,50170.92,28.84,8.56,962.7,28,2026-07-09
2026-07-13,33.2,19.6,25.9,71,22.3,43.9,341,0.0,0.0,48621.57,28.79,6.21,949.2,29,2026-07-09
2026-07-13,45.8,31.4,39.1,14,15.9,27.4,44,0.0,0.0,49011.71,29.1,8.5,993.4,30,2026-07-09
2026-07-13,30.1,23.5,26.5,79,12.5,25.2,258,0.0,0.0,46918.12,25.63,5.1,1004.0,31,2026-07-09
2026-07-13,40.6,25.2,33.3,15,22.7,34.2,156,0.0,0.0,50226.58,29.98,10.3,923.4,32,2026-07-09
2026-07-13,42.2,28.5,35.4,12,27.8,46.8,91,0.0,0.0,47547.47,28.94,12.85,964.5,33,2026-07-09
2026-07-13,40.4,24.9,32.7,15,25.6,43.6,226,0.0,0.0,50714.69,30.27,9.76,913.5,34,2026-07-09
2026-07-13,31.9,24.3,28.0,68,13.1,27.7,311,0.0,0.0,50491.33,28.16,6.08,1007.5,35,2026-07-09
2026-07-13,41.5,19.1,30.4,49,21.0,45.7,73,0.0,0.0,50809.82,28.29,7.89,1009.3,36,2026-07-09
2026-07-13,43.1,27.8,35.8,12,20.8,35.3,340,0.0,0.0,47675.95,27.89,10.89,967.5,37,2026-07-09
2026-07-13,43.4,24.3,34.2,15,21.1,41.8,193,0.0,0.0,50400.0,28.3,9.2,933.7,38,2026-07-09
2026-07-13,42.8,30.8,36.6,26,22.0,35.3,83,0.0,0.0,49460.11,28.87,10.54,1004.2,39,2026-07-09
2026-07-13,36.9,24.9,31.1,24,24.2,41.0,251,0.0,0.0,50998.12,28.59,8.7,904.7,40,2026-07-09
2026-07-13,40.0,22.0,30.7,29,22.0,47.2,29,0.0,0.0,50828.99,27.97,7.98,929.9,41,2026-07-09
2026-07-13,31.1,23.4,27.8,60,9.0,20.2,355,0.0,0.0,50400.0,27.47,6.07,984.5,42,2026-07-09
2026-07-13,40.3,26.0,32.4,18,27.6,59.4,17,0.0,0.0,50535.31,25.76,8.62,915.9,43,2026-07-09
2026-07-13,45.4,26.8,34.9,31,21.2,45.4,61,0.0,0.0,50400.37,27.22,7.89,973.5,44,2026-07-09
2026-07-13,38.5,26.1,32.4,12,36.7,60.5,173,0.0,0.0,49952.8,30.36,11.94,894.0,45,2026-07-09
2026-07-13,28.0,22.6,25.0,82,16.9,32.4,278,0.0,0.0,46540.12,25.59,4.81,998.1,46,2026-07-09
2026-07-13,43.1,26.7,35.9,15,13.9,24.5,144,0.0,0.0,49793.04,29.51,7.82,954.8,47,2026-07-09
2026-07-13,34.7,22.8,27.7,74,19.8,43.9,268,0.0,0.0,47042.93,27.4,6.18,981.9,48,2026-07-09
2026-07-13,45.3,28.8,37.5,11,28.5,43.6,96,0.0,0.0,48431.93,29.7,13.2,971.6,49,2026-07-09
2026-07-13,46.9,32.7,39.9,6,28.6,45.4,357,0.0,0.0,44152.28,26.88,13.58,970.0,50,2026-07-09
2026-07-13,44.3,30.1,37.4,15,11.1,20.2,107,0.0,0.0,49880.83,29.4,7.78,972.8,51,2026-07-09
2026-07-13,43.7,28.7,37.0,8,18.9,37.1,80,0.0,0.0,45743.69,28.0,10.74,943.1,52,2026-07-09
2026-07-13,44.1,29.9,37.7,8,38.8,60.5,74,0.0,0.0,46435.56,28.21,16.65,969.9,53,2026-07-09
2026-07-13,40.4,29.7,35.9,26,16.9,33.8,216,0.3,0.3,42641.12,24.03,8.04,950.2,54,2026-07-09
2026-07-13,44.3,31.0,37.4,20,18.5,28.4,82,0.0,0.0,49520.4,28.61,8.96,1001.0,55,2026-07-09
2026-07-13,37.9,25.8,32.6,10,18.7,34.2,89,0.0,0.0,46800.0,29.35,10.19,914.7,56,2026-07-09
2026-07-13,45.8,32.0,38.6,17,13.2,24.5,162,0.0,0.0,49567.51,28.73,7.8,1003.1,57,2026-07-09
2026-07-13,43.3,28.4,36.2,14,20.3,31.0,101,0.0,0.0,49719.91,29.62,9.79,962.0,58,2026-07-09
2026-07-14,46.2,32.1,39.3,10,30.1,50.0,71,0.0,0.0,45132.72,27.32,14.45,978.9,1,2026-07-09
2026-07-14,42.4,23.2,31.0,59,14.1,27.0,334,0.0,0.0,48044.52,27.88,6.87,989.1,2,2026-07-09
2026-07-14,40.8,27.1,33.7,16,14.2,27.4,95,0.0,0.0,50154.55,29.49,8.91,929.5,3,2026-07-09
2026-07-14,40.6,21.6,31.2,29,25.1,48.6,41,0.0,0.0,50476.75,28.3,8.4,923.5,4,2026-07-09
2026-07-14,36.6,22.0,29.8,29,22.9,40.7,265,0.0,0.0,50206.06,28.15,8.05,916.0,5,2026-07-09
2026-07-14,42.5,27.0,33.2,23,13.9,37.4,195,0.0,0.0,50677.24,26.06,8.08,942.4,6,2026-07-09
2026-07-14,43.0,31.1,37.1,31,28.0,54.4,141,0.0,0.0,49566.52,27.81,9.6,1008.3,7,2026-07-09
2026-07-14,42.4,26.9,35.8,12,28.2,43.6,148,0.0,0.0,48184.99,29.29,9.92,938.0,8,2026-07-09
2026-07-14,35.2,25.7,31.1,50,10.4,39.2,45,0.0,0.0,50400.0,26.69,6.42,976.4,9,2026-07-09
2026-07-14,42.8,29.4,35.0,21,18.6,41.0,154,0.0,0.0,50391.9,28.4,8.77,945.8,10,2026-07-09
2026-07-14,38.4,25.1,32.2,12,35.7,53.3,71,0.0,0.0,46492.49,28.36,11.61,887.3,11,2026-07-09
2026-07-14,35.4,19.8,28.0,41,14.7,27.7,211,0.0,0.0,50973.55,29.14,7.04,896.8,12,2026-07-09
2026-07-14,37.9,20.1,29.1,30,26.0,53.9,203,0.1,0.0,49940.01,26.16,7.8,887.3,13,2026-07-09
2026-07-14,39.5,24.3,32.0,14,21.4,40.3,206,0.0,0.0,50400.0,29.16,9.04,894.8,14,2026-07-09
2026-07-14,41.6,23.9,31.4,43,14.2,31.7,1,0.0,0.0,50623.07,28.15,7.27,989.0,15,2026-07-09
2026-07-14,32.2,24.4,27.7,78,10.1,28.8,313,0.0,0.0,48541.29,27.05,5.58,1005.1,16,2026-07-09
2026-07-14,39.6,26.8,33.2,18,17.7,27.4,155,0.0,0.0,49089.66,28.71,8.8,914.8,17,2026-07-09
2026-07-14,38.9,25.2,32.2,33,13.6,27.4,191,0.0,0.0,49990.58,27.66,8.1,955.7,18,2026-07-09
2026-07-14,39.6,21.8,30.2,27,11.2,21.0,159,0.0,0.0,43572.79,25.5,7.01,911.5,19,2026-07-09
2026-07-14,39.1,26.8,32.5,16,26.6,57.2,200,0.0,0.0,49706.67,25.94,10.19,893.5,20,2026-07-09
2026-07-14,44.9,25.3,33.7,32,18.8,36.4,57,0.0,0.0,50303.76,28.81,8.04,986.5,21,2026-07-09
2026-07-14,39.0,26.6,32.6,17,32.0,64.9,204,0.0,0.0,49609.69,24.78,10.4,890.9,22,2026-07-09
2026-07-14,44.3,25.0,33.4,36,16.9,34.9,69,0.0,0.0,51041.78,28.68,7.97,1003.1,23,2026-07-09
2026-07-14,40.0,23.9,30.7,27,24.0,49.7,113,0.0,0.0,50713.45,29.09,8.67,914.6,24,2026-07-09
2026-07-14,42.4,24.9,32.7,22,22.0,47.2,66,0.0,0.0,49711.53,27.91,8.72,941.0,25,2026-07-09
2026-07-14,42.4,26.9,35.2,16,17.6,34.2,167,0.0,0.0,50400.0,29.77,9.14,937.2,26,2026-07-09
2026-07-14,30.8,21.5,25.6,83,15.1,28.4,319,0.0,0.0,46945.46,26.87,5.42,992.6,27,2026-07-09
2026-07-14,42.4,28.0,35.5,21,16.6,29.5,55,0.0,0.0,50165.01,28.29,8.42,964.2,28,2026-07-09
2026-07-14,36.6,19.3,27.5,60,19.5,37.4,340,0.0,0.0,48308.55,26.77,6.62,950.3,29,2026-07-09
2026-07-14,42.0,31.6,36.8,21,20.6,32.8,69,0.0,0.0,48984.22,28.62,10.49,994.8,30,2026-07-09
2026-07-14,31.2,21.9,26.7,69,9.5,20.5,322,0.0,0.0,48791.89,26.1,5.32,1005.0,31,2026-07-09
2026-07-14,41.5,26.9,34.4,14,20.4,30.6,170,0.0,0.0,50191.62,29.84,9.04,924.2,32,2026-07-09
2026-07-14,42.4,28.9,35.5,13,38.0,60.1,38,0.0,0.0,47553.55,28.91,13.37,964.5,33,2026-07-09
2026-07-14,39.7,25.5,32.1,24,22.7,38.7,210,0.0,0.0,49901.7,26.74,8.02,914.4,34,2026-07-09
2026-07-14,31.4,23.0,27.5,80,10.3,23.5,334,0.0,0.0,50400.0,25.2,5.18,1008.6,35,2026-07-09
2026-07-14,42.8,23.2,32.6,42,18.7,38.9,69,0.0,0.0,51117.97,28.65,8.23,1009.8,36,2026-07-09
2026-07-14,44.8,29.5,37.6,8,23.8,38.5,26,0.0,0.0,47412.99,28.21,13.11,966.9,37,2026-07-09
2026-07-14,43.0,23.0,33.4,19,22.1,43.2,149,0.0,0.0,49305.55,27.27,9.02,934.8,38,2026-07-09
2026-07-14,39.6,27.4,33.6,37,19.5,32.0,84,0.0,0.0,49478.51,29.07,8.8,1006.5,39,2026-07-09
2026-07-14,35.0,23.5,28.8,45,16.3,29.5,227,0.0,0.0,50393.1,29.33,7.02,905.3,40,2026-07-09
2026-07-14,39.8,21.9,30.7,36,23.9,49.3,45,0.0,0.0,51134.74,28.33,7.92,930.6,41,2026-07-09
2026-07-14,40.0,21.9,29.8,67,8.9,28.8,338,0.0,0.0,48832.64,25.67,6.08,986.7,42,2026-07-09
2026-07-14,40.6,26.3,32.8,20,19.2,41.0,79,0.0,0.0,48940.31,24.85,7.8,916.5,43,2026-07-09
2026-07-14,46.6,23.8,34.4,41,21.2,42.8,268,0.0,0.0,49274.17,25.53,7.67,975.2,44,2026-07-09
2026-07-14,38.9,26.1,33.2,12,32.6,55.1,191,0.0,0.0,49797.4,28.28,10.97,895.4,45,2026-07-09
2026-07-14,28.4,20.6,24.4,79,12.1,26.6,289,0.0,0.0,48080.4,27.44,5.24,998.9,46,2026-07-09
2026-07-14,41.6,27.8,34.9,19,18.4,27.7,100,0.0,0.0,49757.25,28.78,8.74,955.5,47,2026-07-09
2026-07-14,38.0,22.3,29.1,67,16.2,33.1,272,0.0,0.0,48293.07,27.54,6.63,982.6,48,2026-07-09
2026-07-14,46.1,29.5,38.3,13,26.5,39.6,80,0.0,0.0,48433.97,29.12,12.4,972.5,49,2026-07-09
2026-07-14,44.4,30.0,38.1,17,25.5,40.0,176,0.0,0.0,44029.71,25.78,11.81,970.6,50,2026-07-09
2026-07-14,41.1,28.0,34.8,26,20.5,34.9,106,0.0,0.0,49733.93,28.76,8.67,974.4,51,2026-07-09
2026-07-14,43.8,30.3,37.8,8,31.3,53.6,101,0.0,0.0,45650.3,28.0,13.6,944.0,52,2026-07-09
2026-07-14,45.0,32.2,39.1,9,33.3,53.3,86,0.0,0.0,46432.01,27.8,15.43,971.4,53,2026-07-09
2026-07-14,42.4,28.8,36.3,17,24.0,40.0,60,0.0,0.0,43180.83,26.92,10.34,950.4,54,2026-07-09
2026-07-14,40.5,29.9,35.4,27,21.3,34.6,92,0.0,0.0,49524.23,28.71,9.92,1003.1,55,2026-07-09
2026-07-14,38.9,24.5,32.4,11,21.5,34.2,32,0.0,0.0,46800.0,29.23,10.29,914.7,56,2026-07-09
2026-07-14,41.5,30.2,36.0,26,20.3,31.7,105,0.0,0.0,49553.51,28.56,9.25,1005.6,57,2026-07-09
2026-07-14,43.8,29.3,36.5,16,19.8,31.3,67,0.0,0.0,49701.08,29.01,10.2,962.6,58,2026-07-09
2026-07-15,44.7,34.0,39.4,9,29.0,50.4,80,0.0,0.0,43339.26,26.0,13.86,980.9,1,2026-07-09
2026-07-15,40.4,23.6,31.6,52,11.2,22.3,325,0.0,0.0,50400.0,27.46,7.03,990.3,2,2026-07-09
2026-07-15,39.8,24.9,32.9,23,13.2,20.5,131,0.0,0.0,50130.89,28.59,8.05,930.7,3,2026-07-09
2026-07-15,40.8,23.6,32.0,22,20.1,38.2,41,0.0,0.0,49013.3,27.4,7.3,924.5,4,2026-07-09
2026-07-15,37.2,22.4,29.8,30,20.1,34.9,214,0.0,0.0,50205.33,29.37,8.39,917.2,5,2026-07-09
2026-07-15,42.8,27.4,33.7,27,19.7,40.0,214,0.0,0.0,50354.14,27.79,8.85,943.4,6,2026-07-09
2026-07-15,43.3,32.9,38.0,23,17.0,28.4,128,0.0,0.0,49839.79,28.57,9.11,1009.4,7,2026-07-09
2026-07-15,42.4,30.5,36.3,13,18.7,29.9,131,0.0,0.0,48208.61,29.5,9.73,939.0,8,2026-07-09
2026-07-15,36.2,28.9,32.2,42,8.9,50.4,78,0.0,0.0,42252.07,25.18,6.36,977.6,9,2026-07-09
2026-07-15,41.4,28.1,35.0,22,26.3,54.4,195,0.0,0.0,50045.7,26.76,10.27,947.0,10,2026-07-09
2026-07-15,38.1,25.5,32.0,10,22.7,44.3,72,0.0,0.0,46221.99,26.85,9.14,886.5,11,2026-07-09
2026-07-15,35.5,19.9,27.8,39,16.7,32.8,226,0.0,0.0,50909.58,29.93,7.65,897.7,12,2026-07-09
2026-07-15,37.7,19.8,27.7,40,11.4,29.2,358,0.8,0.0,47992.42,25.69,6.15,888.4,13,2026-07-09
2026-07-15,38.9,24.1,31.6,20,26.0,46.1,169,0.0,0.0,50400.0,26.24,8.92,895.6,14,2026-07-09
2026-07-15,41.6,24.6,31.8,49,14.2,33.1,6,0.0,0.0,50283.57,26.72,6.91,990.1,15,2026-07-09
2026-07-15,30.8,24.7,27.4,83,9.7,37.1,360,0.0,0.0,49485.1,25.4,5.16,1006.0,16,2026-07-09
2026-07-15,38.6,26.8,32.6,23,22.7,38.2,166,0.0,0.0,50075.35,29.46,8.76,916.3,17,2026-07-09
2026-07-15,37.5,25.5,31.9,33,13.8,39.2,194,0.0,0.0,50606.68,28.45,7.98,955.9,18,2026-07-09
2026-07-15,39.5,24.7,31.5,24,18.6,32.4,193,0.0,0.0,50455.48,27.37,8.0,912.6,19,2026-07-09
2026-07-15,39.5,25.0,31.5,23,23.8,45.4,198,0.0,0.0,48717.81,25.63,8.97,894.2,20,2026-07-09
2026-07-15,43.8,23.5,32.3,31,19.8,38.9,338,0.0,0.0,50925.41,28.23,7.84,986.8,21,2026-07-09
2026-07-15,40.5,23.1,31.4,27,25.3,46.4,190,0.0,0.0,50108.87,26.04,8.53,891.6,22,2026-07-09
2026-07-15,45.2,24.7,33.6,35,18.6,40.7,5,0.0,0.0,51030.47,28.7,7.86,1003.3,23,2026-07-09
2026-07-15,40.8,24.0,31.3,23,26.1,54.0,238,0.0,0.0,50703.05,27.31,8.91,914.9,24,2026-07-09
2026-07-15,41.8,23.7,32.2,22,18.8,55.1,87,0.0,0.0,50659.09,26.9,8.55,941.4,25,2026-07-09
2026-07-15,42.3,30.6,35.2,20,23.5,62.3,168,0.0,0.0,48393.13,27.32,10.51,938.8,26,2026-07-09
2026-07-15,32.3,21.6,26.2,70,13.0,24.8,297,0.0,0.0,47623.55,27.05,5.82,993.7,27,2026-07-09
2026-07-15,43.3,31.1,37.2,18,14.7,25.2,177,0.0,0.0,48635.65,26.95,8.02,965.8,28,2026-07-09
2026-07-15,37.6,20.9,28.9,50,17.3,34.2,358,0.0,0.0,49652.25,27.76,6.99,951.5,29,2026-07-09
2026-07-15,40.4,29.4,35.1,22,18.4,29.5,69,0.0,0.0,48963.66,29.14,9.99,995.9,30,2026-07-09
2026-07-15,34.1,22.8,28.1,60,9.3,19.4,250,0.0,0.0,48806.21,26.78,6.07,1006.1,31,2026-07-09
2026-07-15,39.7,24.8,33.0,20,16.4,27.4,119,0.0,0.0,50156.22,29.28,8.34,925.1,32,2026-07-09
2026-07-15,38.0,28.3,33.1,19,24.0,43.6,74,0.0,0.0,48107.47,27.33,11.59,965.3,33,2026-07-09
2026-07-15,39.1,25.5,32.3,23,19.9,40.7,206,0.0,0.0,48911.25,27.32,8.7,915.4,34,2026-07-09
2026-07-15,30.7,22.2,27.3,82,13.0,27.0,345,0.0,0.0,46794.18,24.0,4.78,1009.6,35,2026-07-09
2026-07-15,45.3,25.4,34.3,33,16.6,40.0,354,0.0,0.0,51397.67,28.69,8.41,1009.9,36,2026-07-09
2026-07-15,44.8,31.0,38.4,9,24.0,35.6,74,0.0,0.0,47406.6,27.82,11.64,966.6,37,2026-07-09
2026-07-15,43.2,29.0,35.2,18,20.5,40.7,190,0.0,0.0,50400.0,28.21,9.55,936.3,38,2026-07-09
2026-07-15,39.9,28.0,34.0,27,14.2,22.0,86,0.0,0.0,49475.86,29.44,8.87,1007.6,39,2026-07-09
2026-07-15,34.4,23.5,28.9,36,14.9,28.1,218,0.0,0.0,50694.07,29.89,7.06,906.3,40,2026-07-09
2026-07-15,40.8,23.3,31.5,27,17.8,41.8,350,0.0,0.0,51123.62,27.99,7.63,931.4,41,2026-07-09
2026-07-15,37.9,28.9,34.0,37,9.0,37.8,96,0.0,0.0,48451.0,26.69,7.23,988.1,42,2026-07-09
2026-07-15,40.0,24.3,32.1,20,16.8,35.3,242,0.0,0.0,50511.69,25.32,8.04,917.1,43,2026-07-09
2026-07-15,45.5,28.3,36.9,22,13.8,29.9,229,0.0,0.0,50400.0,26.78,8.0,976.5,44,2026-07-09
2026-07-15,39.1,25.8,33.3,12,26.7,42.1,181,0.0,0.0,49821.31,30.05,10.5,896.4,45,2026-07-09
2026-07-15,28.5,21.1,24.8,72,15.6,30.2,261,0.0,0.0,47946.54,26.28,5.25,1000.1,46,2026-07-09
2026-07-15,40.1,27.0,33.9,23,18.8,28.4,91,0.0,0.0,49734.95,29.01,8.83,956.9,47,2026-07-09
2026-07-15,37.5,22.8,29.3,57,15.1,29.9,270,0.0,0.0,50096.51,27.66,6.91,983.5,48,2026-07-09
2026-07-15,42.5,30.5,36.7,16,31.3,48.6,74,0.0,0.0,48424.86,29.02,13.24,973.7,49,2026-07-09
2026-07-15,45.5,31.8,39.1,14,28.7,44.6,48,0.0,0.0,42188.44,24.41,11.28,971.5,50,2026-07-09
2026-07-15,41.1,28.1,34.6,26,12.6,20.9,121,0.0,0.0,49851.4,28.93,7.79,975.5,51,2026-07-09
2026-07-15,43.4,31.8,37.6,9,30.7,54.4,98,0.0,0.0,43834.69,26.34,13.75,944.9,52,2026-07-09
2026-07-15,41.2,30.6,36.4,13,35.8,54.7,68,0.0,0.0,45185.51,26.62,15.32,971.8,53,2026-07-09
2026-07-15,42.8,27.5,35.6,10,18.6,34.9,59,0.0,0.0,43694.23,25.38,9.68,949.6,54,2026-07-09
2026-07-15,40.3,29.7,35.0,23,15.6,24.5,85,0.0,0.0,49212.53,29.13,9.41,1004.4,55,2026-07-09
2026-07-15,37.0,24.8,31.4,14,21.1,44.6,63,0.0,0.0,47063.71,28.02,8.62,914.0,56,2026-07-09
2026-07-15,41.5,29.9,35.8,25,11.5,19.1,115,0.0,0.0,49551.05,28.93,8.28,1006.8,57,2026-07-09
2026-07-15,40.0,28.2,34.4,20,26.5,42.5,72,0.0,0.0,49680.8,29.15,11.06,963.7,58,2026-07-09
2026-07-10,42.7,29.6,36.4,10,21.4,35.6,60,0.0,0.0,44002.39,28.29,10.62,977.7,1,2026-07-10
2026-07-10,38.8,22.6,30.0,32,16.7,37.8,318,0.0,0.0,47385.49,28.12,7.47,984.0,2,2026-07-10
2026-07-10,38.5,25.3,32.3,16,31.4,48.6,199,0.0,0.0,47404.35,28.39,10.79,924.1,3,2026-07-10
2026-07-10,37.7,20.2,29.3,27,14.8,28.8,303,0.0,0.0,46801.27,29.65,7.32,918.2,4,2026-07-10
2026-07-10,35.5,19.4,28.7,20,22.7,36.7,217,0.0,0.0,46800.0,29.68,8.45,910.6,5,2026-07-10
2026-07-10,40.7,23.2,30.6,22,12.3,28.8,200,0.0,0.0,46485.0,26.86,6.91,936.7,6,2026-07-10
2026-07-10,42.9,28.8,36.7,15,15.8,25.6,134,0.0,0.0,47842.1,29.44,9.0,1002.4,7,2026-07-10
2026-07-10,40.9,27.4,34.8,14,26.1,40.3,168,0.0,0.0,48392.71,29.35,10.72,932.8,8,2026-07-10
2026-07-10,31.8,23.4,27.4,45,10.9,32.0,264,0.0,0.0,49198.32,26.16,6.03,971.2,9,2026-07-10
2026-07-10,40.3,23.2,30.4,26,25.2,53.3,175,0.2,0.0,45665.22,26.04,8.15,939.9,10,2026-07-10
2026-07-10,38.2,26.1,32.5,21,37.9,60.8,174,0.0,0.0,45009.74,25.37,9.88,885.1,11,2026-07-10
2026-07-10,34.9,17.9,27.1,22,23.7,45.4,249,0.0,0.0,47711.35,29.25,8.17,891.8,12,2026-07-10
2026-07-10,33.2,19.8,26.1,18,16.9,34.6,23,0.0,0.0,50085.85,30.4,7.43,882.3,13,2026-07-10
2026-07-10,35.5,20.5,28.7,23,18.4,36.4,349,0.0,0.0,49501.04,27.89,8.55,888.6,14,2026-07-10
2026-07-10,40.6,20.0,27.1,55,15.9,40.3,256,0.0,0.0,46800.0,25.19,5.84,984.0,15,2026-07-10
2026-07-10,32.5,22.8,27.5,65,9.4,27.0,300,0.0,0.0,47746.47,25.36,5.44,1000.3,16,2026-07-10
2026-07-10,37.3,25.7,31.7,13,32.2,51.8,204,0.0,0.0,44175.04,27.66,9.24,909.0,17,2026-07-10
2026-07-10,38.8,25.6,32.2,23,17.3,36.7,153,0.0,0.0,46881.12,27.13,8.17,950.7,18,2026-07-10
2026-07-10,36.8,17.5,28.3,22,27.2,48.2,195,0.0,0.0,44988.34,28.33,8.8,905.8,19,2026-07-10
2026-07-10,35.9,20.1,27.4,24,25.6,46.4,3,0.0,0.0,50400.0,29.1,7.67,887.7,20,2026-07-10
2026-07-10,38.6,23.6,31.0,27,14.1,32.4,27,0.0,0.0,47556.06,26.96,6.87,981.5,21,2026-07-10
2026-07-10,36.0,22.3,28.1,16,25.2,49.7,20,0.0,0.0,49059.24,29.84,8.61,885.6,22,2026-07-10
2026-07-10,42.3,23.4,31.5,28,15.1,31.3,56,0.0,0.0,47837.08,28.13,7.49,997.8,23,2026-07-10
2026-07-10,37.3,21.8,29.0,21,24.8,52.6,176,0.0,0.0,43871.32,28.41,8.8,909.5,24,2026-07-10
2026-07-10,39.3,21.2,30.5,20,18.0,45.4,115,0.0,0.0,47887.74,28.11,8.37,935.9,25,2026-07-10
2026-07-10,38.2,24.5,31.0,20,25.1,45.7,185,0.0,0.0,47316.43,25.46,8.55,931.1,26,2026-07-10
2026-07-10,31.8,19.8,25.6,53,17.8,32.0,252,0.0,0.0,49031.53,28.93,6.54,987.6,27,2026-07-10
2026-07-10,42.0,25.4,33.9,17,28.0,45.4,219,0.0,0.0,45080.38,26.62,9.21,958.4,28,2026-07-10
2026-07-10,34.3,20.4,27.4,36,18.1,36.0,347,0.0,0.0,48429.73,29.53,7.48,945.8,29,2026-07-10
2026-07-10,42.9,27.1,35.9,14,12.0,20.2,133,0.0,0.0,46847.87,29.83,8.44,990.7,30,2026-07-10
2026-07-10,34.1,22.3,27.3,45,15.1,29.5,255,0.1,0.0,48712.77,28.87,6.87,999.6,31,2026-07-10
2026-07-10,38.7,25.4,32.2,18,25.9,40.0,193,0.0,0.0,48327.9,28.02,9.67,918.7,32,2026-07-10
2026-07-10,40.7,27.4,34.7,10,32.2,50.0,83,0.0,0.0,46800.0,29.11,13.3,962.2,33,2026-07-10
2026-07-10,36.3,20.7,29.4,18,30.9,52.6,191,0.0,0.0,46409.99,27.28,9.3,908.3,34,2026-07-10
2026-07-10,31.1,20.4,25.7,74,17.6,39.6,281,0.0,0.0,48301.54,25.29,5.23,1003.8,35,2026-07-10
2026-07-10,41.5,19.1,30.1,30,17.8,40.3,81,0.0,0.0,47250.56,29.05,8.21,1004.6,36,2026-07-10
2026-07-10,42.4,26.6,34.9,12,28.8,42.1,236,0.0,0.0,46576.88,28.51,11.49,963.4,37,2026-07-10
2026-07-10,37.7,20.7,29.6,24,15.8,36.7,300,0.0,0.0,49637.99,28.28,7.54,929.2,38,2026-07-10
2026-07-10,42.5,26.4,34.8,18,11.3,19.4,8,0.0,0.0,47191.8,30.19,7.74,1000.8,39,2026-07-10
2026-07-10,33.8,21.1,28.2,21,24.6,41.8,237,0.0,0.0,47414.21,30.79,8.64,900.5,40,2026-07-10
2026-07-10,37.4,20.3,29.0,22,18.4,37.4,281,0.0,0.0,48234.04,29.87,7.65,925.4,41,2026-07-10
2026-07-10,30.6,20.3,25.6,56,10.9,22.7,282,0.0,0.0,49705.5,26.95,5.9,981.0,42,2026-07-10
2026-07-10,37.6,22.2,30.2,19,19.6,42.5,208,0.0,0.0,46863.26,28.9,8.76,911.2,43,2026-07-10
2026-07-10,39.1,23.0,30.4,30,14.5,37.4,283,0.0,0.0,47976.28,27.37,7.48,970.0,44,2026-07-10
2026-07-10,37.2,22.4,30.2,18,31.8,50.4,206,0.0,0.0,50018.59,26.64,9.42,889.6,45,2026-07-10
2026-07-10,29.9,21.5,25.6,48,20.3,37.8,264,0.0,0.0,49418.29,29.11,6.67,993.7,46,2026-07-10
2026-07-10,40.6,27.0,34.4,12,19.7,33.8,176,0.0,0.0,48865.81,29.79,8.97,951.0,47,2026-07-10
2026-07-10,36.4,22.4,29.1,30,18.2,37.8,274,0.1,0.0,48338.46,28.53,7.65,978.1,48,2026-07-10
2026-07-10,43.3,27.2,35.5,12,28.1,42.5,101,0.0,0.0,48925.78,29.85,11.91,968.3,49,2026-07-10
2026-07-10,44.3,31.6,38.5,11,22.2,31.0,11,0.0,0.0,43200.0,26.79,10.36,969.6,50,2026-07-10
2026-07-10,42.1,26.8,34.9,13,18.5,29.9,187,0.0,0.0,45949.33,29.17,9.79,968.9,51,2026-07-10
2026-07-10,42.1,29.4,35.8,10,27.7,46.8,147,0.0,0.0,46004.21,28.22,12.39,940.0,52,2026-07-10
2026-07-10,43.7,29.4,37.2,10,30.7,47.5,64,0.0,0.0,44303.51,28.14,14.29,967.7,53,2026-07-10
2026-07-10,41.9,30.9,36.8,21,22.3,36.4,217,0.3,0.0,41142.95,24.51,9.32,949.2,54,2026-07-10
2026-07-10,42.8,26.3,35.1,13,9.5,16.9,214,0.0,0.0,47377.23,30.08,7.81,997.9,55,2026-07-10
2026-07-10,37.9,25.2,32.5,20,23.8,38.5,134,0.0,0.0,46800.0,27.78,8.9,913.5,56,2026-07-10
2026-07-10,43.6,27.3,36.4,13,12.6,21.2,188,0.0,0.0,47847.47,29.79,9.07,999.8,57,2026-07-10
2026-07-10,41.1,26.1,33.9,13,20.5,31.3,114,0.0,0.0,48535.14,29.94,9.8,958.5,58,2026-07-10
2026-07-11,44.0,30.2,37.4,9,13.9,26.3,5,0.0,0.0,44004.93,28.41,8.47,978.2,1,2026-07-10
2026-07-11,40.0,25.4,31.8,31,17.5,41.0,344,0.0,0.0,46106.07,25.5,7.06,984.4,2,2026-07-10
2026-07-11,39.9,24.7,32.9,15,22.0,33.5,181,0.0,0.0,50216.23,30.09,10.0,926.2,3,2026-07-10
2026-07-11,38.1,22.3,30.8,24,22.4,42.5,352,0.0,0.0,45286.75,25.1,7.27,919.9,4,2026-07-10
2026-07-11,37.1,22.1,30.0,19,25.0,41.0,239,0.0,0.0,48766.25,29.71,8.63,912.5,5,2026-07-10
2026-07-11,41.2,23.6,30.6,32,16.9,46.4,224,0.0,0.0,36611.1,22.42,6.49,938.4,6,2026-07-10
2026-07-11,43.9,32.0,37.8,13,27.6,46.1,118,0.0,0.0,44554.34,28.71,10.74,1004.1,7,2026-07-10
2026-07-11,40.9,28.3,34.9,10,33.9,52.6,140,0.0,0.0,48700.36,30.7,11.38,933.8,8,2026-07-10
2026-07-11,33.5,25.1,29.2,45,8.4,31.0,132,0.2,0.0,45336.71,23.38,5.88,972.4,9,2026-07-10
2026-07-11,41.1,24.7,32.6,25,19.3,42.1,241,0.0,0.0,43982.43,24.71,7.73,941.8,10,2026-07-10
2026-07-11,38.6,26.5,33.0,22,24.2,36.7,204,0.0,0.0,45018.72,26.35,9.59,886.6,11,2026-07-10
2026-07-11,35.4,21.7,28.7,21,28.5,50.8,222,0.0,0.0,47149.11,27.9,8.86,894.1,12,2026-07-10
2026-07-11,37.4,18.8,29.0,20,28.3,52.9,190,0.0,0.0,50050.46,30.67,9.23,882.8,13,2026-07-10
2026-07-11,37.5,23.6,30.5,18,28.6,53.6,175,0.0,0.0,49822.96,26.96,9.64,891.0,14,2026-07-10
2026-07-11,40.6,20.7,29.2,58,9.6,38.9,64,0.0,0.0,40364.22,24.55,5.78,985.6,15,2026-07-10
2026-07-11,32.6,23.8,27.9,60,8.4,33.5,25,0.0,0.0,45193.67,23.32,5.25,1001.5,16,2026-07-10
2026-07-11,38.2,25.0,32.2,15,23.2,37.1,188,0.0,0.0,50140.56,29.77,9.1,911.1,17,2026-07-10
2026-07-11,39.1,25.3,30.4,36,12.9,43.6,218,0.0,0.0,40771.22,18.58,5.43,952.2,18,2026-07-10
2026-07-11,37.9,24.6,30.5,18,18.6,34.6,240,0.0,0.0,41458.61,21.87,6.95,907.8,19,2026-07-10
2026-07-11,37.5,25.6,31.2,14,32.6,58.3,179,0.1,0.0,49143.22,28.84,11.44,889.5,20,2026-07-10
2026-07-11,39.4,24.7,30.9,35,10.6,32.0,5,0.0,0.0,44943.3,20.91,5.41,982.9,21,2026-07-10
2026-07-11,38.1,25.7,31.6,14,36.4,75.6,183,0.0,0.0,50251.07,30.17,11.68,886.8,22,2026-07-10
2026-07-11,41.0,24.7,32.1,35,14.6,31.3,328,0.0,0.0,45380.68,23.54,6.31,999.0,23,2026-07-10
2026-07-11,37.7,25.6,31.3,18,23.6,54.4,235,0.0,0.0,46800.0,25.94,8.86,911.4,24,2026-07-10
2026-07-11,39.0,25.2,32.4,17,20.6,44.3,320,0.0,0.0,39980.06,23.53,7.75,937.7,25,2026-07-10
2026-07-11,40.3,24.5,32.7,22,24.6,44.6,184,0.0,0.0,45629.97,22.94,8.64,933.1,26,2026-07-10
2026-07-11,29.4,20.5,25.2,73,17.9,32.8,299,0.1,0.0,45435.0,26.33,5.37,988.1,27,2026-07-10
2026-07-11,42.6,26.4,35.1,20,17.3,27.0,36,0.0,0.0,47148.62,26.34,8.35,960.2,28,2026-07-10
2026-07-11,34.3,21.6,27.9,45,18.3,39.6,347,0.0,0.0,46800.0,27.57,6.86,946.2,29,2026-07-10
2026-07-11,44.5,31.0,37.7,12,18.0,27.4,106,0.0,0.0,46853.87,29.82,10.35,991.9,30,2026-07-10
2026-07-11,29.6,22.2,25.9,72,17.3,34.9,348,0.0,0.0,48126.59,28.09,5.71,1000.6,31,2026-07-10
2026-07-11,39.3,25.1,32.3,14,30.8,48.2,150,0.0,0.0,50294.88,30.3,10.74,920.5,32,2026-07-10
2026-07-11,41.6,27.9,35.2,10,30.3,47.5,88,0.0,0.0,46800.0,29.14,13.03,963.3,33,2026-07-10
2026-07-11,38.2,25.1,31.4,19,24.0,40.0,245,0.0,0.0,35924.49,24.03,7.82,910.4,34,2026-07-10
2026-07-11,35.0,20.9,27.1,73,19.5,52.9,317,0.0,0.0,43521.6,24.49,5.36,1005.1,35,2026-07-10
2026-07-11,40.0,22.6,30.9,43,14.8,38.9,5,0.0,0.0,46800.0,26.19,6.86,1005.7,36,2026-07-10
2026-07-11,39.8,24.5,33.0,16,18.6,29.2,265,0.0,0.0,46294.66,28.55,9.73,964.3,37,2026-07-10
2026-07-11,41.6,25.5,33.6,17,20.5,41.8,188,0.0,0.0,46884.65,23.67,8.44,931.0,38,2026-07-10
2026-07-11,43.5,28.8,36.1,14,12.1,19.1,127,0.0,0.0,46895.9,29.84,8.43,1002.6,39,2026-07-10
2026-07-11,34.9,23.8,29.7,18,23.4,40.0,213,0.0,0.0,48598.34,30.37,8.51,902.6,40,2026-07-10
2026-07-11,38.9,22.3,30.8,23,22.4,44.6,309,0.0,0.0,47410.1,25.62,7.69,927.2,41,2026-07-10
2026-07-11,30.4,22.1,26.6,53,11.2,25.6,154,0.0,0.0,46797.12,23.92,5.56,982.0,42,2026-07-10
2026-07-11,37.7,25.0,31.7,17,20.3,43.9,246,0.0,0.0,41825.53,21.16,7.13,913.0,43,2026-07-10
2026-07-11,43.3,24.1,32.5,29,16.2,34.9,47,0.0,0.0,46607.93,23.68,6.91,971.1,44,2026-07-10
2026-07-11,37.1,25.4,31.5,12,36.8,58.3,171,0.0,0.0,50003.48,30.91,12.2,891.1,45,2026-07-10
2026-07-11,29.4,21.3,25.1,75,16.3,31.7,285,0.0,0.0,50052.31,28.63,5.57,994.6,46,2026-07-10
2026-07-11,41.6,26.9,34.9,13,18.3,31.3,140,0.0,0.0,48869.51,29.8,8.81,952.5,47,2026-07-10
2026-07-11,37.0,23.9,29.6,47,14.9,48.2,276,0.0,0.0,46517.33,25.93,6.78,978.4,48,2026-07-10
2026-07-11,44.5,27.8,36.5,10,32.7,49.7,93,0.0,0.0,48937.54,30.25,13.78,968.5,49,2026-07-10
2026-07-11,44.7,30.5,38.5,16,32.8,46.4,231,0.0,0.0,43118.74,26.33,9.97,971.2,50,2026-07-10
2026-07-11,43.2,28.1,36.2,13,16.3,27.0,187,0.0,0.0,48966.19,29.37,8.78,970.7,51,2026-07-10
2026-07-11,42.1,28.0,35.5,8,18.4,32.4,131,0.0,0.0,46025.11,28.95,10.56,940.1,52,2026-07-10
2026-07-11,45.7,32.3,39.2,9,36.8,56.2,75,0.0,0.0,44033.46,27.97,14.6,968.1,53,2026-07-10
2026-07-11,42.1,29.8,36.4,25,24.2,49.0,313,3.4,0.6,40228.42,24.59,8.53,950.8,54,2026-07-10
2026-07-11,44.2,28.3,36.3,14,12.6,20.9,138,0.0,0.0,47082.16,29.76,8.64,999.4,55,2026-07-10
2026-07-11,38.6,25.7,33.0,16,22.5,37.4,136,0.0,0.0,46800.0,28.57,9.67,914.5,56,2026-07-10
2026-07-11,44.8,29.6,37.5,14,11.5,20.2,169,0.0,0.0,48158.14,29.57,8.42,1001.5,57,2026-07-10
2026-07-11,42.2,27.3,34.9,12,27.7,44.3,107,0.0,0.0,48830.86,30.17,11.42,959.4,58,2026-07-10
2026-07-12,45.3,29.6,37.8,8,18.8,32.4,358,0.0,0.0,43729.69,28.31,10.68,979.3,1,2026-07-10
2026-07-12,43.5,22.8,33.2,38,15.9,37.8,346,0.0,0.0,50400.0,29.13,7.68,985.8,2,2026-07-10
2026-07-12,40.2,24.7,33.4,15,24.5,38.2,167,0.0,0.0,50197.21,30.21,10.07,928.1,3,2026-07-10
2026-07-12,40.2,22.8,31.6,25,23.5,47.2,318,0.0,0.0,46800.0,27.92,8.43,921.9,4,2026-07-10
2026-07-12,38.4,21.4,30.8,20,22.9,37.4,263,0.0,0.0,49082.74,30.05,8.93,914.6,5,2026-07-10
2026-07-12,42.7,26.9,33.3,19,19.4,41.8,231,0.0,0.0,50128.13,28.56,9.0,940.8,6,2026-07-10
2026-07-12,45.5,31.6,38.8,14,15.3,24.8,145,0.0,0.0,47855.1,29.18,9.47,1005.6,7,2026-07-10
2026-07-12,41.6,30.1,35.8,9,34.3,54.4,140,0.0,0.0,48418.14,30.17,12.83,935.1,8,2026-07-10
2026-07-12,36.7,28.9,32.0,42,12.3,40.7,131,0.0,0.0,49819.44,28.75,7.37,973.9,9,2026-07-10
2026-07-12,42.4,26.9,35.1,16,18.1,37.4,182,0.0,0.0,50334.47,29.11,9.22,944.0,10,2026-07-10
2026-07-12,39.2,26.7,33.4,20,20.4,32.4,238,0.0,0.0,44756.28,25.84,8.64,886.5,11,2026-07-10
2026-07-12,37.9,23.5,30.4,21,29.5,51.8,340,0.0,0.0,46001.18,26.87,8.46,895.7,12,2026-07-10
2026-07-12,38.4,19.7,29.0,22,47.6,98.3,176,0.0,0.0,50014.3,30.84,10.67,884.3,13,2026-07-10
2026-07-12,37.8,22.4,30.6,16,35.0,59.0,172,0.0,0.0,50400.0,30.7,10.38,893.0,14,2026-07-10
2026-07-12,42.9,24.2,32.1,38,15.1,40.7,68,0.0,0.0,50312.72,28.2,7.5,987.1,15,2026-07-10
2026-07-12,35.7,25.7,29.9,59,12.0,33.8,11,0.0,0.0,49871.85,27.92,6.31,1002.6,16,2026-07-10
2026-07-12,38.6,24.9,32.7,14,20.6,32.4,179,0.0,0.0,50120.63,30.34,9.09,913.2,17,2026-07-10
2026-07-12,39.0,27.5,33.7,22,13.1,31.0,195,0.0,0.0,49486.61,28.34,8.69,954.6,18,2026-07-10
2026-07-12,39.4,22.6,31.1,19,22.7,40.3,232,0.0,0.0,48682.15,29.35,9.2,910.1,19,2026-07-10
2026-07-12,37.9,24.7,31.4,13,34.6,62.3,173,0.0,0.0,50400.0,30.9,12.03,891.5,20,2026-07-10
2026-07-12,37.5,25.7,31.0,40,15.5,35.6,16,0.0,0.0,47254.19,27.43,6.79,985.2,21,2026-07-10
2026-07-12,38.1,25.4,31.8,12,40.5,85.0,174,0.0,0.0,50214.98,30.98,12.66,888.7,22,2026-07-10
2026-07-12,42.6,24.1,32.0,42,10.5,22.7,47,0.0,0.0,47335.14,28.5,6.81,1001.4,23,2026-07-10
2026-07-12,39.4,25.3,31.5,21,24.8,56.2,273,0.0,0.0,47029.13,26.01,9.39,913.4,24,2026-07-10
2026-07-12,41.7,25.9,32.8,20,29.0,60.8,13,0.0,0.0,48207.14,25.97,9.13,939.7,25,2026-07-10
2026-07-12,41.8,25.6,34.2,15,21.4,47.5,187,0.0,0.0,50400.0,30.15,9.69,935.4,26,2026-07-10
2026-07-12,30.9,21.6,25.7,80,15.3,27.7,283,0.0,0.0,48057.61,28.49,5.77,989.7,27,2026-07-10
2026-07-12,43.8,27.8,36.1,14,18.3,31.3,175,0.0,0.0,49805.26,29.69,9.04,962.4,28,2026-07-10
2026-07-12,40.5,19.8,29.4,45,19.6,42.5,304,0.0,0.0,50400.0,30.02,7.75,947.7,29,2026-07-10
2026-07-12,44.7,31.0,38.1,12,16.1,24.8,90,0.0,0.0,46860.52,29.55,9.69,993.3,30,2026-07-10
2026-07-12,30.4,22.6,26.2,75,14.1,28.4,298,0.0,0.0,47830.04,28.59,5.81,1002.3,31,2026-07-10
2026-07-12,39.9,25.2,32.7,14,33.2,51.8,141,0.0,0.0,50261.02,30.39,11.21,922.1,32,2026-07-10
2026-07-12,40.8,27.1,34.4,12,24.9,40.3,87,0.0,0.0,46800.0,29.33,12.2,963.8,33,2026-07-10
2026-07-12,39.2,26.3,32.7,15,25.0,40.7,197,0.0,0.0,50095.49,30.12,9.42,912.9,34,2026-07-10
2026-07-12,36.6,25.1,29.9,64,12.1,28.8,255,0.0,0.0,49595.4,27.33,6.27,1006.1,35,2026-07-10
2026-07-12,39.3,20.5,29.3,52,15.5,36.7,33,0.0,0.0,47100.1,28.36,7.2,1008.3,36,2026-07-10
2026-07-12,40.2,24.6,32.8,17,14.8,24.8,284,0.0,0.0,46012.1,28.27,9.41,966.4,37,2026-07-10
2026-07-12,42.3,22.2,33.5,15,25.6,46.8,170,0.0,0.0,50400.0,30.28,10.34,932.9,38,2026-07-10
2026-07-12,44.2,29.5,36.9,16,7.6,14.0,136,0.0,0.0,46903.57,29.74,7.82,1003.8,39,2026-07-10
2026-07-12,37.1,25.3,31.4,18,23.5,41.4,244,0.0,0.0,48389.22,29.65,9.05,904.4,40,2026-07-10
2026-07-12,39.8,24.1,31.8,22,27.6,56.5,309,0.0,0.0,47336.95,26.81,9.14,929.0,41,2026-07-10
2026-07-12,31.6,23.5,27.7,58,10.6,23.4,287,0.0,0.0,50251.31,27.32,6.15,983.4,42,2026-07-10
2026-07-12,40.3,25.9,32.5,18,26.4,58.3,277,0.0,0.0,48770.0,26.86,9.14,915.2,43,2026-07-10
2026-07-12,45.7,26.5,35.2,25,21.2,45.0,180,0.0,0.0,50400.0,28.55,8.69,972.6,44,2026-07-10
2026-07-12,37.5,25.1,31.4,11,41.1,66.2,162,0.0,0.0,49968.89,30.91,11.92,892.8,45,2026-07-10
2026-07-12,29.7,21.5,25.0,80,17.5,32.4,278,0.0,0.0,47832.43,28.14,5.46,996.3,46,2026-07-10
2026-07-12,42.1,27.3,35.3,14,16.5,28.1,131,0.0,0.0,48873.8,29.8,8.58,954.2,47,2026-07-10
2026-07-12,40.4,21.6,30.0,64,14.7,31.7,276,0.0,0.0,47651.41,28.94,7.08,980.0,48,2026-07-10
2026-07-12,45.4,29.3,37.4,9,24.2,36.4,89,0.0,0.0,48373.53,29.62,13.51,969.9,49,2026-07-10
2026-07-12,45.0,32.1,38.8,19,25.1,46.1,287,0.0,0.0,42888.06,26.43,11.28,972.4,50,2026-07-10
2026-07-12,43.5,29.3,36.6,14,11.7,18.0,161,0.0,0.0,48971.18,29.84,8.02,972.6,51,2026-07-10
2026-07-12,43.5,28.5,36.7,8,20.2,36.0,226,0.0,0.0,45827.38,28.43,9.12,941.8,52,2026-07-10
2026-07-12,45.0,31.7,38.8,8,33.6,49.0,71,0.0,0.0,44045.02,28.29,15.72,969.5,53,2026-07-10
2026-07-12,41.8,28.2,35.0,34,22.6,36.0,309,0.9,0.8,41142.91,25.67,8.75,950.3,54,2026-07-10
2026-07-12,44.6,29.2,37.2,14,8.5,16.9,134,0.0,0.0,47390.08,29.71,8.14,1000.9,55,2026-07-10
2026-07-12,38.2,26.1,32.8,13,27.2,43.6,111,0.0,0.0,46800.0,29.13,10.14,914.3,56,2026-07-10
2026-07-12,44.9,29.1,37.6,16,6.8,12.2,131,0.0,0.0,48164.16,29.54,7.47,1003.1,57,2026-07-10
2026-07-12,42.6,28.2,35.4,12,28.7,44.3,109,0.0,0.0,48542.59,30.21,11.61,961.0,58,2026-07-10
2026-07-13,45.1,30.4,38.3,7,28.5,44.3,34,0.0,0.0,46580.44,28.16,13.36,979.1,1,2026-07-10
2026-07-13,39.9,22.7,30.4,56,15.2,38.2,296,0.0,0.0,49243.64,27.59,6.66,987.4,2,2026-07-10
2026-07-13,41.1,24.6,33.6,17,21.6,32.8,188,0.0,0.0,50176.65,30.07,9.12,928.9,3,2026-07-10
2026-07-13,41.0,21.9,31.5,24,19.4,46.4,15,0.0,0.0,49463.92,28.59,7.96,922.8,4,2026-07-10
2026-07-13,39.1,22.6,31.8,17,22.4,36.4,264,0.0,0.0,49667.9,30.11,8.96,915.1,5,2026-07-10
2026-07-13,43.2,27.3,33.6,19,15.5,42.8,227,0.0,0.0,50104.03,29.34,8.83,941.6,6,2026-07-10
2026-07-13,45.8,32.4,39.3,15,18.7,30.2,234,0.0,0.0,49599.21,28.98,9.35,1005.8,7,2026-07-10
2026-07-13,42.2,29.5,35.9,10,31.0,49.0,151,0.0,0.0,48162.22,29.35,11.84,936.7,8,2026-07-10
2026-07-13,34.8,28.1,30.6,48,10.7,31.7,63,0.0,0.0,50400.0,28.22,6.84,974.9,9,2026-07-10
2026-07-13,43.7,27.6,35.1,18,16.3,32.4,168,0.0,0.0,50310.76,29.56,9.09,944.7,10,2026-07-10
2026-07-13,39.5,26.3,33.5,13,27.3,43.9,60,0.0,0.0,45036.74,24.62,9.5,885.7,11,2026-07-10
2026-07-13,38.3,19.7,29.4,25,20.7,42.1,31,0.0,0.0,49165.55,28.4,8.29,896.3,12,2026-07-10
2026-07-13,34.1,16.0,24.8,49,21.3,45.0,254,0.0,0.0,50436.89,30.18,7.37,885.0,13,2026-07-10
2026-07-13,39.0,24.3,31.5,15,34.0,57.6,177,0.0,0.0,50400.0,30.16,10.62,893.9,14,2026-07-10
2026-07-13,40.9,23.7,31.5,41,11.5,25.9,86,0.0,0.0,50288.46,28.87,7.29,987.9,15,2026-07-10
2026-07-13,33.1,24.7,28.9,66,10.7,28.4,341,0.0,0.0,50400.0,27.55,6.03,1003.8,16,2026-07-10
2026-07-13,39.4,24.4,32.9,15,21.7,33.8,177,0.0,0.0,50099.12,30.21,9.1,913.8,17,2026-07-10
2026-07-13,41.7,30.6,34.6,22,15.0,35.6,199,0.0,0.0,49868.46,28.04,8.87,955.5,18,2026-07-10
2026-07-13,40.6,20.3,30.9,19,23.4,41.8,197,0.0,0.0,49916.58,29.95,9.09,910.8,19,2026-07-10
2026-07-13,38.9,25.4,32.2,13,35.5,63.7,178,0.0,0.0,50446.71,30.39,12.27,892.3,20,2026-07-10
2026-07-13,41.1,23.9,32.2,37,13.8,29.2,49,0.0,0.0,49677.96,28.42,7.12,986.1,21,2026-07-10
2026-07-13,39.5,25.0,31.8,19,38.2,83.2,180,0.0,0.0,50178.21,30.41,11.48,889.5,22,2026-07-10
2026-07-13,42.1,23.3,32.0,36,16.7,33.1,69,0.0,0.0,49522.74,27.91,7.98,1002.5,23,2026-07-10
2026-07-13,39.6,24.0,30.9,23,21.8,44.6,113,0.0,0.0,49475.01,28.26,8.73,914.2,24,2026-07-10
2026-07-13,42.1,24.5,32.7,19,25.3,54.7,33,0.0,0.0,49640.01,28.19,9.25,940.6,25,2026-07-10
2026-07-13,42.1,25.3,34.7,14,21.9,41.0,170,0.0,0.0,50400.0,29.98,9.46,936.0,26,2026-07-10
2026-07-13,29.6,22.3,25.3,83,18.3,36.4,288,0.0,0.0,47788.31,26.78,5.17,991.7,27,2026-07-10
2026-07-13,44.6,26.7,36.4,14,12.2,20.9,271,0.0,0.0,50054.19,29.0,8.68,962.9,28,2026-07-10
2026-07-13,34.1,20.2,26.0,70,20.5,39.2,337,0.0,0.0,47414.39,28.53,6.3,949.2,29,2026-07-10
2026-07-13,45.9,30.7,38.8,14,15.5,26.3,52,0.0,0.0,49011.71,29.21,8.64,993.5,30,2026-07-10
2026-07-13,29.8,23.4,26.4,74,13.7,26.3,271,0.0,0.0,47413.54,26.91,5.44,1004.1,31,2026-07-10
2026-07-13,40.4,25.1,33.2,15,27.1,42.5,152,0.0,0.0,50226.58,30.09,10.35,923.3,32,2026-07-10
2026-07-13,42.2,28.0,35.2,13,31.2,48.6,92,0.0,0.0,46800.0,29.19,13.03,964.4,33,2026-07-10
2026-07-13,39.9,24.2,32.6,15,20.9,35.6,190,0.0,0.0,50072.01,30.26,9.51,913.6,34,2026-07-10
2026-07-13,31.5,23.8,27.7,70,12.7,27.7,314,0.0,0.0,50400.0,27.99,5.91,1007.4,35,2026-07-10
2026-07-13,41.6,19.6,30.8,45,22.0,49.0,75,0.0,0.0,49353.2,27.89,8.1,1009.3,36,2026-07-10
2026-07-13,42.2,27.6,34.9,12,20.1,34.9,321,0.0,0.0,40778.1,27.2,10.42,967.4,37,2026-07-10
2026-07-13,43.6,23.7,33.8,16,19.7,45.7,187,0.0,0.0,50400.0,28.89,9.59,933.6,38,2026-07-10
2026-07-13,42.8,30.8,36.5,24,21.3,33.5,84,0.0,0.0,48989.43,29.35,10.51,1004.5,39,2026-07-10
2026-07-13,37.3,24.5,31.2,21,25.2,42.1,233,0.0,0.0,49468.46,29.6,9.26,904.9,40,2026-07-10
2026-07-13,40.1,21.4,30.8,28,19.5,47.5,46,0.0,0.0,49316.57,27.8,7.79,930.1,41,2026-07-10
2026-07-13,30.1,22.5,27.1,67,9.3,22.3,350,0.0,0.0,49803.47,26.19,5.65,984.5,42,2026-07-10
2026-07-13,40.3,25.8,32.6,17,26.5,58.3,31,0.0,0.0,49765.38,26.89,8.62,916.0,43,2026-07-10
2026-07-13,44.8,25.3,34.3,35,20.4,43.2,40,0.0,0.0,50400.0,26.72,7.57,973.4,44,2026-07-10
2026-07-13,38.3,26.0,32.2,12,36.9,61.6,173,0.0,0.0,49952.8,30.36,11.81,893.9,45,2026-07-10
2026-07-13,28.5,22.5,25.2,75,18.7,34.6,281,0.0,0.0,48371.28,27.75,5.4,998.1,46,2026-07-10
2026-07-13,43.1,25.9,35.8,15,13.4,24.5,147,0.0,0.0,49793.04,29.56,7.77,954.8,47,2026-07-10
2026-07-13,35.4,22.9,27.8,72,20.7,43.9,269,0.0,0.0,46210.6,27.46,6.35,981.9,48,2026-07-10
2026-07-13,45.2,28.9,37.5,11,29.8,47.2,96,0.0,0.0,48719.99,29.66,13.55,971.6,49,2026-07-10
2026-07-13,46.7,32.8,39.5,6,29.5,46.1,10,0.0,0.0,44474.36,27.2,14.11,970.0,50,2026-07-10
2026-07-13,44.4,30.0,37.2,15,9.4,15.5,122,0.0,0.0,49762.71,29.55,7.64,972.9,51,2026-07-10
2026-07-13,43.5,28.1,36.7,9,18.2,33.8,101,0.0,0.0,46800.0,28.27,10.64,942.9,52,2026-07-10
2026-07-13,44.4,30.0,37.9,9,41.6,61.6,73,0.0,0.0,45395.98,28.42,16.97,969.5,53,2026-07-10
2026-07-13,41.2,29.1,35.8,25,26.1,43.2,231,0.0,0.0,42060.82,25.02,8.58,949.5,54,2026-07-10
2026-07-13,44.2,30.3,37.2,20,17.3,25.9,85,0.0,0.0,49209.19,29.15,9.42,1001.3,55,2026-07-10
2026-07-13,38.2,24.1,32.4,10,20.8,34.9,88,0.0,0.0,46800.0,29.63,10.63,914.7,56,2026-07-10
2026-07-13,45.4,30.4,38.1,18,13.8,24.5,165,0.0,0.0,49531.53,29.16,7.92,1003.4,57,2026-07-10
2026-07-13,43.2,28.2,36.0,14,21.9,33.1,102,0.0,0.0,49719.91,29.68,10.13,962.0,58,2026-07-10
2026-07-14,46.5,31.4,38.9,8,27.0,43.6,55,0.0,0.0,45132.72,27.75,12.98,978.6,1,2026-07-10
2026-07-14,43.3,22.8,32.0,54,13.8,36.7,353,0.0,0.0,50327.91,27.55,7.02,988.1,2,2026-07-10
2026-07-14,40.8,25.2,33.4,18,16.3,24.1,130,0.0,0.0,50154.55,29.67,8.68,929.7,3,2026-07-10
2026-07-14,40.4,22.4,31.6,26,15.9,38.5,24,0.0,0.0,50138.47,26.33,7.4,923.4,4,2026-07-10
2026-07-14,36.8,22.0,29.8,31,20.9,33.5,252,0.0,0.0,50191.06,29.15,7.71,916.1,5,2026-07-10
2026-07-14,42.3,27.6,33.5,25,16.5,40.3,211,0.0,0.0,50686.85,25.57,8.14,942.2,6,2026-07-10
2026-07-14,42.3,30.8,36.6,30,29.1,55.8,134,0.0,0.0,49852.53,28.32,9.13,1008.5,7,2026-07-10
2026-07-14,42.7,29.0,36.3,12,28.8,45.4,151,0.0,0.0,48184.99,29.66,10.07,938.0,8,2026-07-10
2026-07-14,36.4,25.9,30.8,56,8.8,23.8,100,0.0,0.0,47899.03,26.54,6.28,975.8,9,2026-07-10
2026-07-14,43.0,29.6,35.1,23,23.5,48.2,190,0.0,0.0,50406.9,29.39,9.68,945.6,10,2026-07-10
2026-07-14,38.4,25.8,32.8,10,27.5,47.5,70,0.0,0.0,45679.98,28.35,11.49,887.6,11,2026-07-10
2026-07-14,35.0,20.1,27.8,43,21.2,35.3,206,0.0,0.0,50973.55,29.48,7.58,897.1,12,2026-07-10
2026-07-14,37.0,20.1,28.9,28,28.7,56.2,196,0.0,0.0,50099.81,28.02,8.18,886.8,13,2026-07-10
2026-07-14,38.8,23.3,31.6,15,19.7,46.1,205,0.0,0.0,46293.38,26.46,8.68,894.7,14,2026-07-10
2026-07-14,41.7,23.9,31.8,46,10.4,23.8,92,0.0,0.0,50628.41,26.8,6.78,988.5,15,2026-07-10
2026-07-14,33.2,24.6,28.4,76,10.5,31.3,341,0.0,0.0,47207.27,26.78,5.71,1004.6,16,2026-07-10
2026-07-14,39.6,25.7,32.7,17,17.8,28.1,196,0.0,0.0,50076.04,29.89,8.58,914.6,17,2026-07-10
2026-07-14,39.0,30.2,34.2,26,14.1,29.2,184,0.0,0.0,50632.87,28.01,8.52,956.0,18,2026-07-10
2026-07-14,38.7,22.6,30.7,24,29.2,48.6,78,0.0,0.0,50464.39,26.55,7.84,911.7,19,2026-07-10
2026-07-14,38.9,27.2,32.5,13,29.2,55.8,198,0.0,0.0,47750.76,23.01,10.97,893.4,20,2026-07-10
2026-07-14,44.7,26.6,34.2,29,15.1,34.9,10,0.0,0.0,50328.44,26.43,7.16,986.4,21,2026-07-10
2026-07-14,40.0,26.4,32.9,15,31.1,69.1,199,0.0,0.0,50140.84,27.23,10.71,890.8,22,2026-07-10
2026-07-14,46.2,26.2,34.9,29,14.1,32.8,64,0.0,0.0,49405.28,27.37,7.26,1002.4,23,2026-07-10
2026-07-14,40.5,25.0,31.7,24,23.2,52.2,139,0.0,0.0,50397.12,25.67,8.29,914.8,24,2026-07-10
2026-07-14,41.6,25.7,33.1,23,21.2,57.2,47,0.0,0.0,48622.22,23.71,7.9,941.4,25,2026-07-10
2026-07-14,42.4,25.7,34.5,16,21.9,40.0,161,0.0,0.0,50400.0,29.37,8.91,936.9,26,2026-07-10
2026-07-14,31.0,20.3,25.3,77,15.3,28.8,301,0.0,0.0,47199.31,23.53,4.95,992.0,27,2026-07-10
2026-07-14,43.3,28.2,35.7,20,16.4,27.4,115,0.0,0.0,49332.94,27.36,8.23,964.0,28,2026-07-10
2026-07-14,36.3,19.5,27.8,52,14.7,36.0,339,0.0,0.0,47766.67,24.74,6.23,949.9,29,2026-07-10
2026-07-14,41.9,30.6,36.4,22,20.8,32.0,68,0.0,0.0,48992.53,29.07,10.54,995.0,30,2026-07-10
2026-07-14,31.5,22.1,26.8,62,13.7,27.0,5,0.0,0.0,49722.99,27.23,5.77,1004.4,31,2026-07-10
2026-07-14,41.3,27.3,34.3,15,21.3,33.1,154,0.0,0.0,50191.62,29.86,9.16,924.3,32,2026-07-10
2026-07-14,42.5,28.8,35.5,13,36.9,59.8,33,0.0,0.0,47553.55,28.87,13.05,964.2,33,2026-07-10
2026-07-14,38.9,25.9,32.0,22,25.6,42.1,209,0.0,0.0,50075.08,29.21,9.42,914.4,34,2026-07-10
2026-07-14,31.9,23.6,27.9,78,13.7,27.4,314,0.0,0.0,48362.89,26.82,5.53,1008.2,35,2026-07-10
2026-07-14,44.8,24.0,33.9,36,19.4,42.5,75,0.0,0.0,50800.17,28.68,8.52,1009.1,36,2026-07-10
2026-07-14,44.7,29.1,37.4,8,23.5,36.7,15,0.0,0.0,47412.99,28.13,12.96,966.9,37,2026-07-10
2026-07-14,42.1,23.4,33.0,16,24.6,45.4,134,0.0,0.0,44446.49,24.62,8.08,934.5,38,2026-07-10
2026-07-14,40.0,26.8,33.6,35,18.7,31.3,81,0.0,0.0,49454.73,29.31,8.69,1006.8,39,2026-07-10
2026-07-14,35.3,23.4,29.0,41,18.9,33.8,219,0.0,0.0,50393.1,29.49,7.33,905.6,40,2026-07-10
2026-07-14,40.2,22.4,31.2,34,23.2,49.0,67,0.0,0.0,51134.74,27.14,7.73,930.7,41,2026-07-10
2026-07-14,31.9,22.3,26.9,80,9.4,24.6,343,0.0,0.0,43103.0,25.58,5.15,985.5,42,2026-07-10
2026-07-14,40.0,26.3,32.7,21,16.4,40.3,219,0.0,0.0,50210.7,24.7,7.77,916.7,43,2026-07-10
2026-07-14,45.5,23.5,34.0,43,11.6,37.8,237,0.0,0.0,42367.58,23.84,6.48,974.5,44,2026-07-10
2026-07-14,38.5,26.0,32.8,13,34.9,55.8,192,0.0,0.0,49927.55,26.93,10.86,895.1,45,2026-07-10
2026-07-14,31.0,20.1,25.7,65,16.8,34.2,281,0.0,0.0,49944.41,28.36,5.98,998.2,46,2026-07-10
2026-07-14,42.0,27.3,34.8,18,13.9,25.9,101,0.0,0.0,49772.25,28.87,8.44,955.9,47,2026-07-10
2026-07-14,37.5,21.4,29.0,60,12.6,31.3,256,0.0,0.0,44287.71,23.65,6.03,982.3,48,2026-07-10
2026-07-14,45.8,29.7,38.0,12,28.9,43.9,87,0.0,0.0,48425.9,29.27,13.35,972.4,49,2026-07-10
2026-07-14,45.1,31.1,38.7,14,21.8,38.2,190,0.0,0.0,44029.71,25.82,11.37,970.9,50,2026-07-10
2026-07-14,41.8,27.6,34.9,24,17.8,32.4,119,0.0,0.0,49875.57,29.12,8.72,974.7,51,2026-07-10
2026-07-14,43.8,30.3,37.6,8,32.0,56.5,97,0.0,0.0,46841.6,28.05,13.37,943.5,52,2026-07-10
2026-07-14,45.0,32.7,39.5,8,37.8,60.5,85,0.0,0.0,46432.01,27.81,16.98,971.1,53,2026-07-10
2026-07-14,42.3,28.4,36.0,14,24.3,40.7,71,0.0,0.0,43180.83,26.91,9.8,950.6,54,2026-07-10
2026-07-14,41.0,29.3,35.2,25,21.2,32.0,88,0.0,0.0,49213.53,29.03,9.74,1003.4,55,2026-07-10
2026-07-14,38.9,24.0,32.1,12,16.3,30.2,57,0.0,0.0,46800.0,29.27,8.76,914.7,56,2026-07-10
2026-07-14,41.7,29.9,35.9,26,15.9,29.5,113,0.0,0.0,49562.44,28.81,8.94,1005.8,57,2026-07-10
2026-07-14,43.5,29.3,36.1,17,19.9,32.4,76,0.0,0.0,49701.08,29.28,10.17,962.8,58,2026-07-10
2026-07-15,44.4,34.3,39.3,9,30.7,47.2,73,0.0,0.0,44884.39,27.4,14.73,980.6,1,2026-07-10
2026-07-15,44.0,24.8,34.2,39,13.3,26.6,332,0.0,0.0,48883.56,27.53,7.5,989.6,2,2026-07-10
2026-07-15,40.1,24.5,33.1,20,13.5,21.3,148,0.0,0.0,50130.89,29.31,8.35,931.0,3,2026-07-10
2026-07-15,41.2,24.1,32.2,23,20.7,41.4,187,0.0,0.0,44390.23,26.74,7.55,924.7,4,2026-07-10
2026-07-15,37.4,22.9,30.2,27,21.5,36.0,213,0.0,0.0,50205.33,29.1,8.51,917.5,5,2026-07-10
2026-07-15,42.6,27.7,34.0,23,23.1,47.9,211,0.0,0.0,49750.51,26.13,9.04,943.4,6,2026-07-10
2026-07-15,44.0,33.2,38.3,22,13.9,21.6,128,0.0,0.0,49839.79,28.31,8.85,1009.4,7,2026-07-10
2026-07-15,42.5,31.4,36.6,12,19.5,31.0,117,0.0,0.0,48208.61,29.7,10.41,939.3,8,2026-07-10
2026-07-15,38.3,30.4,34.7,38,10.4,42.8,110,0.0,0.0,49982.65,24.45,6.79,977.4,9,2026-07-10
2026-07-15,42.2,29.9,35.4,20,26.6,52.9,194,0.0,0.0,47644.62,25.56,9.65,947.1,10,2026-07-10
2026-07-15,38.0,25.0,32.6,10,23.9,36.0,48,0.0,0.0,46233.8,28.25,10.85,886.5,11,2026-07-10
2026-07-15,36.5,21.6,29.0,31,20.0,37.4,237,0.0,0.0,50909.58,29.84,8.02,898.1,12,2026-07-10
2026-07-15,37.7,23.3,29.9,24,20.8,51.8,201,0.0,0.0,47539.6,23.02,7.42,888.5,13,2026-07-10
2026-07-15,38.5,24.7,31.6,19,22.3,41.0,177,0.3,0.0,50400.0,25.83,8.49,895.9,14,2026-07-10
2026-07-15,42.1,26.6,33.4,43,12.6,30.2,95,0.0,0.0,50207.44,26.85,7.31,989.8,15,2026-07-10
2026-07-15,31.9,26.4,29.2,74,9.5,26.6,347,0.0,0.0,48560.28,25.56,5.43,1005.3,16,2026-07-10
2026-07-15,38.4,26.8,32.7,21,21.4,34.9,168,0.0,0.0,50075.35,29.05,8.79,916.5,17,2026-07-10
2026-07-15,40.2,28.0,32.8,30,14.4,37.4,195,0.0,0.0,48067.34,26.99,8.2,955.9,18,2026-07-10
2026-07-15,39.1,25.0,31.4,24,18.0,33.8,220,0.0,0.0,50139.9,25.14,7.35,912.8,19,2026-07-10
2026-07-15,38.9,26.4,32.7,13,23.9,47.9,189,0.0,0.0,49700.8,26.04,10.14,894.5,20,2026-07-10
2026-07-15,46.0,23.7,33.6,29,16.0,32.8,276,0.0,0.0,50607.55,26.27,7.72,986.5,21,2026-07-10
2026-07-15,39.4,25.0,32.7,15,26.8,51.8,196,0.0,0.0,50108.87,27.39,10.09,892.0,22,2026-07-10
2026-07-15,46.9,26.5,34.9,31,20.4,46.4,347,0.0,0.0,51348.66,28.36,8.04,1003.1,23,2026-07-10
2026-07-15,40.5,25.0,32.2,21,22.0,57.6,238,0.0,0.0,50703.05,23.75,8.24,915.1,24,2026-07-10
2026-07-15,41.3,24.7,32.7,21,17.9,45.4,123,0.0,0.0,49909.97,22.38,8.01,941.5,25,2026-07-10
2026-07-15,41.7,30.8,35.6,19,19.8,38.9,164,0.0,0.0,49378.96,26.03,9.6,938.8,26,2026-07-10
2026-07-15,35.2,22.0,27.6,63,11.0,25.6,305,0.0,0.0,48498.06,26.92,6.15,993.0,27,2026-07-10
2026-07-15,43.3,29.2,36.6,19,11.5,24.5,191,0.3,0.0,50157.67,28.13,7.72,965.9,28,2026-07-10
2026-07-15,41.8,20.5,30.9,38,17.8,37.1,357,0.0,0.0,48719.16,27.33,7.66,951.1,29,2026-07-10
2026-07-15,41.4,28.9,35.4,21,19.8,31.3,72,0.0,0.0,48963.66,29.22,10.2,996.1,30,2026-07-10
2026-07-15,35.7,24.0,29.6,54,10.5,24.1,333,0.0,0.0,45940.67,26.02,6.12,1005.1,31,2026-07-10
2026-07-15,39.8,25.3,33.1,18,14.5,23.4,119,0.0,0.0,50156.22,29.38,8.74,925.4,32,2026-07-10
2026-07-15,40.2,28.9,34.6,18,36.1,56.2,83,0.0,0.0,47560.15,28.56,13.33,964.7,33,2026-07-10
2026-07-15,39.1,25.0,32.2,22,21.5,44.6,205,0.3,0.0,49880.72,24.97,7.6,915.5,34,2026-07-10
2026-07-15,32.3,25.6,29.8,74,11.7,23.8,329,0.0,0.0,47023.16,22.96,5.08,1009.0,35,2026-07-10
2026-07-15,47.6,24.8,34.7,31,20.3,46.1,280,0.0,0.0,51397.67,28.49,8.61,1009.6,36,2026-07-10
2026-07-15,46.2,31.0,38.4,8,28.9,44.6,74,0.0,0.0,47434.26,28.06,13.68,966.1,37,2026-07-10
2026-07-15,43.0,27.4,35.0,18,13.8,31.0,152,0.0,0.0,50171.19,25.28,8.22,936.3,38,2026-07-10
2026-07-15,41.0,27.8,34.6,25,15.8,24.1,90,0.0,0.0,49475.86,29.38,8.58,1007.6,39,2026-07-10
2026-07-15,35.4,24.7,30.0,30,14.6,27.7,217,0.0,0.0,50694.07,29.98,7.22,906.8,40,2026-07-10
2026-07-15,41.6,24.5,32.6,25,20.5,41.8,303,0.0,0.0,45605.34,26.73,7.38,931.5,41,2026-07-10
2026-07-15,42.0,30.6,36.3,31,9.7,40.3,149,0.0,0.0,50400.0,27.45,7.58,987.8,42,2026-07-10
2026-07-15,40.0,25.1,32.3,21,20.4,43.6,234,0.0,0.0,47326.15,23.65,7.54,917.3,43,2026-07-10
2026-07-15,46.0,30.4,38.4,17,12.8,40.0,173,0.0,0.0,50400.0,26.18,8.34,976.3,44,2026-07-10
2026-07-15,39.0,27.7,33.7,11,27.1,43.2,177,0.0,0.0,49821.31,30.19,11.0,896.8,45,2026-07-10
2026-07-15,31.3,21.1,25.8,66,17.2,34.6,282,0.0,0.0,49800.51,25.77,5.29,999.1,46,2026-07-10
2026-07-15,40.5,26.9,34.2,20,19.1,29.9,88,0.0,0.0,49734.95,29.11,8.82,957.2,47,2026-07-10
2026-07-15,43.9,22.7,32.1,44,15.4,28.8,287,0.0,0.0,50447.69,26.95,6.99,982.6,48,2026-07-10
2026-07-15,42.9,29.8,36.6,15,32.8,51.5,72,0.0,0.0,48424.86,29.23,13.34,973.8,49,2026-07-10
2026-07-15,45.0,32.7,39.2,14,24.3,37.4,332,0.0,0.0,43771.92,25.29,9.87,971.9,50,2026-07-10
2026-07-15,41.7,27.7,34.8,24,10.2,16.9,126,0.0,0.0,49851.4,28.93,7.71,975.7,51,2026-07-10
2026-07-15,43.5,31.5,37.6,10,31.6,53.3,91,0.0,0.0,46800.0,27.73,14.6,944.7,52,2026-07-10
2026-07-15,42.3,30.4,36.9,13,37.4,58.3,63,0.0,0.0,46427.19,27.83,15.69,971.2,53,2026-07-10
2026-07-15,42.9,26.9,35.9,10,14.0,27.4,46,0.0,0.0,43204.41,26.93,9.14,949.7,54,2026-07-10
2026-07-15,41.6,29.0,35.4,21,13.7,22.3,87,0.0,0.0,49212.53,29.19,9.01,1004.5,55,2026-07-10
2026-07-15,37.9,23.7,31.7,12,28.7,47.2,107,0.0,0.0,46800.0,29.23,9.2,914.4,56,2026-07-10
2026-07-15,42.6,29.7,36.3,22,9.0,14.8,117,0.0,0.0,49551.05,29.01,7.6,1006.8,57,2026-07-10
2026-07-15,40.8,28.3,34.6,18,26.6,42.5,72,0.0,0.0,49680.8,29.33,11.3,963.9,58,2026-07-10
2026-07-16,44.0,31.1,37.6,12,23.8,47.2,52,0.0,0.0,43336.1,25.98,11.96,978.9,1,2026-07-10
2026-07-16,43.3,25.1,33.1,37,19.2,39.2,316,0.0,0.0,48951.62,26.9,7.63,990.5,2,2026-07-10
2026-07-16,40.0,22.8,32.3,20,19.6,31.3,153,0.0,0.0,50105.65,29.83,8.72,931.3,3,2026-07-10
2026-07-16,41.5,26.0,33.1,22,20.7,40.3,275,0.0,0.0,49350.19,27.51,7.93,925.1,4,2026-07-10
2026-07-16,38.8,23.7,31.4,20,23.8,40.7,226,0.0,0.0,50195.66,29.06,9.46,917.8,5,2026-07-10
2026-07-16,42.9,28.0,33.9,27,18.5,43.6,193,0.0,0.0,43755.81,23.44,8.08,943.6,6,2026-07-10
2026-07-16,46.6,31.8,39.4,18,12.2,20.2,254,0.0,0.0,49830.95,28.24,8.59,1008.7,7,2026-07-10
2026-07-16,39.9,28.3,34.8,13,21.6,33.1,93,0.0,0.0,48232.99,29.87,10.41,939.8,8,2026-07-10
2026-07-16,36.5,29.2,33.1,36,12.3,55.1,162,0.0,0.0,50400.0,26.33,7.24,977.9,9,2026-07-10
2026-07-16,42.7,30.1,36.3,16,23.2,45.7,200,0.0,0.0,50085.91,24.81,8.72,947.1,10,2026-07-10
2026-07-16,38.6,28.1,33.3,9,28.8,66.2,125,0.0,0.0,46216.98,26.66,10.31,886.4,11,2026-07-10
2026-07-16,38.2,24.1,30.7,20,17.1,33.8,318,0.0,0.0,48335.64,25.54,7.89,898.5,12,2026-07-10
2026-07-16,38.3,20.7,29.3,26,18.5,40.3,182,0.0,0.0,50069.98,28.57,7.9,889.2,13,2026-07-10
2026-07-16,38.4,23.5,31.4,17,29.3,49.3,173,0.0,0.0,50400.0,29.78,10.41,896.5,14,2026-07-10
2026-07-16,41.0,26.4,32.5,43,12.0,28.8,27,0.0,0.0,50273.71,26.32,7.02,990.3,15,2026-07-10
2026-07-16,32.6,25.8,29.3,62,10.2,27.0,328,0.0,0.0,49884.58,26.36,5.74,1005.9,16,2026-07-10
2026-07-16,38.5,27.6,33.0,17,23.4,38.9,179,0.0,0.0,50050.6,29.37,8.87,917.0,17,2026-07-10
2026-07-16,39.8,29.1,32.3,35,13.8,40.0,203,0.0,0.0,49097.99,22.93,7.11,956.3,18,2026-07-10
2026-07-16,39.9,25.4,32.3,20,24.3,47.2,226,0.0,0.0,48392.66,26.06,8.45,913.0,19,2026-07-10
2026-07-16,38.4,26.1,32.0,14,26.1,49.7,177,0.0,0.0,50346.72,29.97,10.9,895.2,20,2026-07-10
2026-07-16,45.2,24.8,33.6,33,20.1,38.2,315,0.0,0.0,50913.23,26.7,8.04,986.9,21,2026-07-10
2026-07-16,38.6,24.6,31.3,15,29.5,55.4,185,0.0,0.0,50070.63,29.88,10.32,892.5,22,2026-07-10
2026-07-16,46.0,26.5,34.6,38,21.4,45.4,340,0.0,0.0,51017.64,27.91,7.81,1003.5,23,2026-07-10
2026-07-16,40.8,25.8,32.5,21,21.2,49.0,257,0.0,0.0,50252.96,26.14,8.95,915.5,24,2026-07-10
2026-07-16,42.6,25.4,33.4,22,23.1,47.2,46,0.0,0.0,49622.98,25.98,8.86,941.9,25,2026-07-10
2026-07-16,42.1,29.0,35.5,15,25.1,49.3,193,0.0,0.0,50387.36,29.07,10.79,939.1,26,2026-07-10
2026-07-16,33.5,21.8,27.5,58,17.2,33.1,283,0.0,0.0,50358.49,28.16,6.48,993.9,27,2026-07-10
2026-07-16,44.1,31.0,37.5,13,15.8,28.8,195,0.0,0.0,49886.29,28.15,8.96,966.2,28,2026-07-10
2026-07-16,39.0,21.5,30.1,38,17.7,37.4,349,0.0,0.0,49678.53,28.5,7.38,952.0,29,2026-07-10
2026-07-16,43.2,29.9,36.8,17,15.9,25.2,88,0.0,0.0,48941.62,29.13,9.8,996.5,30,2026-07-10
2026-07-16,37.1,23.9,30.6,44,10.4,22.3,254,0.0,0.0,49975.35,28.1,6.82,1006.1,31,2026-07-10
2026-07-16,38.5,24.2,32.0,19,21.0,33.8,112,0.0,0.0,50120.47,29.84,9.32,925.8,32,2026-07-10
2026-07-16,38.8,27.4,33.5,17,28.6,47.5,97,0.0,0.0,48089.02,27.7,12.51,965.9,33,2026-07-10
2026-07-16,40.0,25.6,33.3,18,23.1,50.0,206,0.0,0.0,50040.51,26.28,9.06,915.5,34,2026-07-10
2026-07-16,32.9,24.1,28.7,62,9.5,21.2,194,0.0,0.0,50230.19,26.38,6.0,1009.6,35,2026-07-10
2026-07-16,47.3,24.7,34.4,31,19.4,42.8,328,0.0,0.0,51327.2,27.69,8.52,1010.0,36,2026-07-10
2026-07-16,42.3,31.7,37.5,9,25.9,41.0,77,0.0,0.0,48586.5,28.13,13.76,966.7,37,2026-07-10
2026-07-16,42.8,27.2,35.2,16,24.4,46.4,186,0.0,0.0,50400.0,27.7,9.94,936.8,38,2026-07-10
2026-07-16,44.0,29.1,36.7,18,8.0,12.6,221,0.0,0.0,49467.61,29.52,6.96,1007.0,39,2026-07-10
2026-07-16,37.2,25.9,31.8,24,19.8,38.2,249,0.3,0.0,50064.4,27.72,7.89,906.9,40,2026-07-10
2026-07-16,41.2,24.6,32.5,24,17.8,47.9,326,0.0,0.0,50797.0,26.48,8.08,931.9,41,2026-07-10
2026-07-16,41.0,31.2,35.5,29,11.0,38.2,121,0.0,0.0,50413.82,26.24,7.32,988.4,42,2026-07-10
2026-07-16,40.3,24.8,32.6,22,19.0,45.7,242,0.0,0.0,49942.36,24.64,7.72,917.5,43,2026-07-10
2026-07-16,46.3,30.5,37.4,19,14.5,33.1,213,0.0,0.0,50400.0,24.85,8.34,976.8,44,2026-07-10
2026-07-16,37.5,26.9,32.5,14,21.5,33.8,154,0.0,0.0,49845.26,30.31,9.96,897.4,45,2026-07-10
2026-07-16,30.3,21.4,26.2,58,14.6,26.6,269,0.0,0.0,49069.62,26.95,5.83,1000.1,46,2026-07-10
2026-07-16,41.2,25.4,34.1,19,18.6,29.2,97,0.0,0.0,49711.12,29.4,8.75,957.5,47,2026-07-10
2026-07-16,39.6,23.3,30.8,44,19.7,37.4,274,0.0,0.0,49348.52,27.68,7.38,983.7,48,2026-07-10
2026-07-16,42.6,28.1,35.7,15,28.1,44.6,74,0.0,0.0,48415.95,29.37,13.03,973.8,49,2026-07-10
2026-07-16,44.3,29.9,37.9,10,23.4,33.8,357,0.0,0.0,42535.75,25.55,8.96,970.3,50,2026-07-10
2026-07-16,43.8,26.3,35.7,19,9.5,17.3,204,0.0,0.0,49843.28,29.25,8.25,975.5,51,2026-07-10
2026-07-16,39.9,28.0,34.6,12,26.6,48.2,70,0.0,0.0,43861.51,26.61,11.96,944.0,52,2026-07-10
2026-07-16,43.9,31.0,37.9,12,38.0,60.1,72,0.0,0.0,44459.88,26.56,17.14,969.6,53,2026-07-10
2026-07-16,41.6,29.9,36.0,13,16.9,31.3,132,0.0,0.0,43908.26,25.16,9.92,950.0,54,2026-07-10
2026-07-16,44.0,28.7,36.7,16,9.7,19.1,116,0.0,0.0,49205.33,29.42,7.39,1004.2,55,2026-07-10
2026-07-16,36.3,26.1,31.3,17,21.2,37.8,91,0.0,0.0,47070.29,27.75,10.24,915.8,56,2026-07-10
2026-07-16,44.9,27.8,37.1,20,7.2,13.3,218,0.0,0.0,49543.28,29.27,7.71,1006.5,57,2026-07-10
2026-07-16,41.1,27.6,34.6,17,26.7,44.3,81,0.0,0.0,49639.28,29.34,11.2,964.1,58,2026-07-10
